MUNICIPIO,SECCION,TIPO
AMIXTLAN,113,MIXTO(A)
AMIXTLAN,114,URBANO(A)
AMIXTLAN,115,RURAL
HONEY,502,MIXTO(A)
HONEY,503,RURAL
HONEY,504,RURAL
FRANCISCO Z. MENA,535,MIXTO(A)
FRANCISCO Z. MENA,536,MIXTO(A)
FRANCISCO Z. MENA,537,RURAL
FRANCISCO Z. MENA,538,RURAL
FRANCISCO Z. MENA,539,RURAL
FRANCISCO Z. MENA,540,RURAL
FRANCISCO Z. MENA,541,RURAL
FRANCISCO Z. MENA,542,RURAL
FRANCISCO Z. MENA,543,RURAL
FRANCISCO Z. MENA,2711,RURAL
HERMENEGILDO GALEANA,565,MIXTO(A)
HERMENEGILDO GALEANA,566,RURAL
HERMENEGILDO GALEANA,567,RURAL
HERMENEGILDO GALEANA,568,RURAL
HERMENEGILDO GALEANA,2712,RURAL
HUAUCHINANGO,594,URBANO(A)
HUAUCHINANGO,595,URBANO(A)
HUAUCHINANGO,596,MIXTO(A)
HUAUCHINANGO,597,URBANO(A)
HUAUCHINANGO,598,URBANO(A)
HUAUCHINANGO,599,URBANO(A)
HUAUCHINANGO,600,URBANO(A)
HUAUCHINANGO,601,URBANO(A)
HUAUCHINANGO,602,URBANO(A)
HUAUCHINANGO,603,URBANO(A)
HUAUCHINANGO,604,URBANO(A)
HUAUCHINANGO,605,URBANO(A)
HUAUCHINANGO,606,URBANO(A)
HUAUCHINANGO,607,URBANO(A)
HUAUCHINANGO,608,URBANO(A)
HUAUCHINANGO,609,URBANO(A)
HUAUCHINANGO,610,URBANO(A)
HUAUCHINANGO,611,URBANO(A)
HUAUCHINANGO,612,MIXTO(A)
HUAUCHINANGO,613,RURAL
HUAUCHINANGO,614,RURAL
HUAUCHINANGO,615,URBANO(A)
HUAUCHINANGO,616,URBANO(A)
HUAUCHINANGO,617,URBANO(A)
HUAUCHINANGO,618,RURAL
HUAUCHINANGO,619,RURAL
HUAUCHINANGO,620,RURAL
HUAUCHINANGO,621,RURAL
HUAUCHINANGO,622,RURAL
HUAUCHINANGO,623,URBANO(A)
HUAUCHINANGO,624,RURAL
HUAUCHINANGO,625,RURAL
HUAUCHINANGO,626,RURAL
HUAUCHINANGO,627,RURAL
HUAUCHINANGO,628,RURAL
HUAUCHINANGO,629,RURAL
HUAUCHINANGO,630,RURAL
HUAUCHINANGO,2713,RURAL
JALPAN,764,MIXTO(A)
JALPAN,765,RURAL
JALPAN,766,RURAL
JALPAN,767,RURAL
JALPAN,768,RURAL
JALPAN,769,RURAL
JOPALA,779,MIXTO(A)
JOPALA,780,URBANO(A)
JOPALA,781,URBANO(A)
JOPALA,782,RURAL
JOPALA,783,RURAL
JOPALA,784,RURAL
JOPALA,785,RURAL
JUAN GALINDO,792,URBANO(A)
JUAN GALINDO,793,URBANO(A)
JUAN GALINDO,794,URBANO(A)
JUAN GALINDO,795,URBANO(A)
JUAN GALINDO,796,RURAL
JUAN GALINDO,2714,RURAL
NAUPAN,830,MIXTO(A)
NAUPAN,831,RURAL
NAUPAN,832,RURAL
NAUPAN,833,RURAL
NAUPAN,834,RURAL
PAHUATLAN,883,MIXTO(A)
PAHUATLAN,884,URBANO(A)
PAHUATLAN,885,URBANO(A)
PAHUATLAN,886,RURAL
PAHUATLAN,887,RURAL
PAHUATLAN,888,RURAL
PAHUATLAN,889,RURAL
PAHUATLAN,890,RURAL
PAHUATLAN,891,RURAL
PAHUATLAN,892,RURAL
PAHUATLAN,893,RURAL
PAHUATLAN,894,RURAL
PAHUATLAN,895,RURAL
PAHUATLAN,896,RURAL
PANTEPEC,912,URBANO(A)
PANTEPEC,913,MIXTO(A)
PANTEPEC,914,RURAL
PANTEPEC,915,RURAL
PANTEPEC,916,RURAL
PANTEPEC,917,RURAL
PANTEPEC,918,URBANO(A)
PANTEPEC,919,MIXTO(A)
PANTEPEC,920,RURAL
PANTEPEC,921,RURAL
PANTEPEC,2715,RURAL
PANTEPEC,2716,RURAL
SAN FELIPE TEPATLAN,1682,MIXTO(A)
SAN FELIPE TEPATLAN,1683,RURAL
SAN FELIPE TEPATLAN,1684,RURAL
TLACUILOTEPEC,2209,MIXTO(A)
TLACUILOTEPEC,2210,RURAL
TLACUILOTEPEC,2211,RURAL
TLACUILOTEPEC,2212,RURAL
TLACUILOTEPEC,2213,RURAL
TLACUILOTEPEC,2214,RURAL
TLACUILOTEPEC,2215,RURAL
TLACUILOTEPEC,2216,RURAL
TLACUILOTEPEC,2217,RURAL
TLACUILOTEPEC,2218,RURAL
TLACUILOTEPEC,2717,RURAL
TLAOLA,2253,MIXTO(A)
TLAOLA,2254,RURAL
TLAOLA,2255,RURAL
TLAOLA,2256,RURAL
TLAOLA,2257,MIXTO(A)
TLAOLA,2258,RURAL
TLAOLA,2259,RURAL
TLAOLA,2260,RURAL
TLAOLA,2261,RURAL
TLAPACOYA,2262,MIXTO(A)
TLAPACOYA,2263,RURAL
TLAPACOYA,2264,RURAL
TLAPACOYA,2265,RURAL
TLAPACOYA,2266,RURAL
TLAXCO,2295,MIXTO(A)
TLAXCO,2296,RURAL
TLAXCO,2297,RURAL
TLAXCO,2298,RURAL
VENUSTIANO CARRANZA,2333,URBANO(A)
VENUSTIANO CARRANZA,2334,URBANO(A)
VENUSTIANO CARRANZA,2335,MIXTO(A)
VENUSTIANO CARRANZA,2336,MIXTO(A)
VENUSTIANO CARRANZA,2337,RURAL
VENUSTIANO CARRANZA,2338,RURAL
VENUSTIANO CARRANZA,2339,RURAL
VENUSTIANO CARRANZA,2340,RURAL
VENUSTIANO CARRANZA,2341,RURAL
VENUSTIANO CARRANZA,2342,URBANO(A)
VENUSTIANO CARRANZA,2343,URBANO(A)
VENUSTIANO CARRANZA,2344,MIXTO(A)
VENUSTIANO CARRANZA,2345,MIXTO(A)
VENUSTIANO CARRANZA,2346,URBANO(A)
VENUSTIANO CARRANZA,2347,URBANO(A)
VENUSTIANO CARRANZA,2348,URBANO(A)
VENUSTIANO CARRANZA,2718,RURAL
VENUSTIANO CARRANZA,2763,RURAL
VENUSTIANO CARRANZA,2764,URBANO(A)
XICOTEPEC,2362,MIXTO(A)
XICOTEPEC,2363,URBANO(A)
XICOTEPEC,2364,URBANO(A)
XICOTEPEC,2365,URBANO(A)
XICOTEPEC,2366,URBANO(A)
XICOTEPEC,2367,URBANO(A)
XICOTEPEC,2368,URBANO(A)
XICOTEPEC,2369,URBANO(A)
XICOTEPEC,2370,URBANO(A)
XICOTEPEC,2371,URBANO(A)
XICOTEPEC,2372,URBANO(A)
XICOTEPEC,2373,URBANO(A)
XICOTEPEC,2374,URBANO(A)
XICOTEPEC,2375,URBANO(A)
XICOTEPEC,2376,URBANO(A)
XICOTEPEC,2377,MIXTO(A)
XICOTEPEC,2378,URBANO(A)
XICOTEPEC,2379,URBANO(A)
XICOTEPEC,2380,URBANO(A)
XICOTEPEC,2381,RURAL
XICOTEPEC,2382,RURAL
XICOTEPEC,2383,RURAL
XICOTEPEC,2384,RURAL
XICOTEPEC,2385,RURAL
XICOTEPEC,2386,RURAL
XICOTEPEC,2387,RURAL
XICOTEPEC,2388,RURAL
XICOTEPEC,2389,RURAL
XICOTEPEC,2390,RURAL
XICOTEPEC,2719,RURAL
XICOTEPEC,2720,RURAL
ZIHUATEUTLA,2520,URBANO(A)
ZIHUATEUTLA,2521,RURAL
ZIHUATEUTLA,2522,RURAL
ZIHUATEUTLA,2523,RURAL
ZIHUATEUTLA,2524,RURAL
ZIHUATEUTLA,2525,RURAL
ZIHUATEUTLA,2526,RURAL
ZIHUATEUTLA,2721,RURAL
AHUACATLAN,64,MIXTO(A)
AHUACATLAN,65,MIXTO(A)
AHUACATLAN,66,RURAL
AHUACATLAN,67,RURAL
AHUACATLAN,68,RURAL
AHUACATLAN,69,RURAL
AHUACATLAN,70,RURAL
AHUAZOTEPEC,75,MIXTO(A)
AHUAZOTEPEC,76,MIXTO(A)
AHUAZOTEPEC,77,MIXTO(A)
AHUAZOTEPEC,78,RURAL
AQUIXTLA,134,MIXTO(A)
AQUIXTLA,135,RURAL
AQUIXTLA,136,RURAL
AQUIXTLA,137,RURAL
AQUIXTLA,138,RURAL
CAMOCUAUTLA,260,MIXTO(A)
CAMOCUAUTLA,261,RURAL
CAXHUACAN,271,MIXTO(A)
CAXHUACAN,272,URBANO(A)
COATEPEC,273,MIXTO(A)
CUAUTEMPAN,319,MIXTO(A)
CUAUTEMPAN,320,MIXTO(A)
CUAUTEMPAN,321,RURAL
CUAUTEMPAN,322,RURAL
CHICONCUAUTLA,423,MIXTO(A)
CHICONCUAUTLA,424,RURAL
CHICONCUAUTLA,425,RURAL
CHICONCUAUTLA,426,RURAL
CHICONCUAUTLA,427,RURAL
CHICONCUAUTLA,428,RURAL
CHICONCUAUTLA,429,RURAL
CHIGNAHUAPAN,461,URBANO(A)
CHIGNAHUAPAN,462,URBANO(A)
CHIGNAHUAPAN,463,MIXTO(A)
CHIGNAHUAPAN,464,URBANO(A)
CHIGNAHUAPAN,465,URBANO(A)
CHIGNAHUAPAN,466,MIXTO(A)
CHIGNAHUAPAN,467,URBANO(A)
CHIGNAHUAPAN,469,RURAL
CHIGNAHUAPAN,470,RURAL
CHIGNAHUAPAN,471,RURAL
CHIGNAHUAPAN,472,RURAL
CHIGNAHUAPAN,473,RURAL
CHIGNAHUAPAN,474,RURAL
CHIGNAHUAPAN,475,RURAL
CHIGNAHUAPAN,476,MIXTO(A)
CHIGNAHUAPAN,477,RURAL
CHIGNAHUAPAN,478,RURAL
CHIGNAHUAPAN,479,RURAL
CHIGNAHUAPAN,480,RURAL
CHIGNAHUAPAN,481,RURAL
CHIGNAHUAPAN,482,RURAL
CHIGNAHUAPAN,483,MIXTO(A)
CHIGNAHUAPAN,484,MIXTO(A)
CHIGNAHUAPAN,485,RURAL
CHIGNAHUAPAN,486,RURAL
CHIGNAHUAPAN,487,RURAL
CHIGNAHUAPAN,488,RURAL
CHIGNAHUAPAN,2672,URBANO(A)
CHIGNAHUAPAN,2673,RURAL
CHIGNAHUAPAN,2722,RURAL
HUEHUETLA,631,MIXTO(A)
HUEHUETLA,632,MIXTO(A)
HUEHUETLA,633,RURAL
HUEHUETLA,634,RURAL
HUEHUETLA,635,URBANO(A)
HUEHUETLA,636,MIXTO(A)
HUEHUETLA,637,RURAL
HUEHUETLA,638,RURAL
HUEHUETLA,639,RURAL
HUEYTLALPAN,693,MIXTO(A)
HUEYTLALPAN,694,MIXTO(A)
HUEYTLALPAN,695,RURAL
HUITZILAN DE SERDAN,696,MIXTO(A)
HUITZILAN DE SERDAN,697,MIXTO(A)
HUITZILAN DE SERDAN,698,RURAL
HUITZILAN DE SERDAN,699,MIXTO(A)
HUITZILAN DE SERDAN,700,MIXTO(A)
HUITZILAN DE SERDAN,2723,URBANO(A)
ATLEQUIZAYAN,704,URBANO(A)
ATLEQUIZAYAN,705,RURAL
IXTACAMAXTITLAN,712,MIXTO(A)
IXTACAMAXTITLAN,713,RURAL
IXTACAMAXTITLAN,714,RURAL
IXTACAMAXTITLAN,715,RURAL
IXTACAMAXTITLAN,716,RURAL
IXTACAMAXTITLAN,717,RURAL
IXTACAMAXTITLAN,718,RURAL
IXTACAMAXTITLAN,719,RURAL
IXTACAMAXTITLAN,720,RURAL
IXTACAMAXTITLAN,721,RURAL
IXTACAMAXTITLAN,722,RURAL
IXTACAMAXTITLAN,723,RURAL
IXTACAMAXTITLAN,724,RURAL
IXTACAMAXTITLAN,725,RURAL
IXTACAMAXTITLAN,726,RURAL
IXTACAMAXTITLAN,2724,RURAL
IXTACAMAXTITLAN,2725,RURAL
IXTEPEC,727,MIXTO(A)
IXTEPEC,728,URBANO(A)
IXTEPEC,729,RURAL
JONOTLA,776,MIXTO(A)
JONOTLA,777,RURAL
JONOTLA,778,RURAL
NAUZONTLA,835,MIXTO(A)
NAUZONTLA,836,RURAL
NAUZONTLA,837,RURAL
OLINTLA,867,MIXTO(A)
OLINTLA,868,MIXTO(A)
OLINTLA,869,RURAL
OLINTLA,870,RURAL
OLINTLA,871,MIXTO(A)
OLINTLA,872,URBANO(A)
OLINTLA,873,RURAL
OLINTLA,874,RURAL
TEPANGO DE RODRIGUEZ,2049,MIXTO(A)
TEPANGO DE RODRIGUEZ,2050,URBANO(A)
TEPETZINTLA,2089,URBANO(A)
TEPETZINTLA,2090,RURAL
TEPETZINTLA,2091,RURAL
TEPETZINTLA,2092,RURAL
TEPETZINTLA,2093,RURAL
TEPETZINTLA,2094,RURAL
TEPETZINTLA,2726,RURAL
TETELA DE OCAMPO,2117,URBANO(A)
TETELA DE OCAMPO,2118,URBANO(A)
TETELA DE OCAMPO,2119,RURAL
TETELA DE OCAMPO,2120,RURAL
TETELA DE OCAMPO,2121,RURAL
TETELA DE OCAMPO,2122,RURAL
TETELA DE OCAMPO,2123,RURAL
TETELA DE OCAMPO,2124,RURAL
TETELA DE OCAMPO,2125,RURAL
TETELA DE OCAMPO,2126,RURAL
TETELA DE OCAMPO,2127,RURAL
TETELA DE OCAMPO,2128,RURAL
TETELA DE OCAMPO,2129,RURAL
TETELA DE OCAMPO,2130,RURAL
TETELA DE OCAMPO,2131,RURAL
TUZAMAPAN DE GALEANA,2326,URBANO(A)
TUZAMAPAN DE GALEANA,2327,RURAL
TUZAMAPAN DE GALEANA,2328,RURAL
XOCHIAPULCO,2405,MIXTO(A)
XOCHIAPULCO,2406,RURAL
XOCHITLAN DE VICENTE SUAREZ,2409,MIXTO(A)
XOCHITLAN DE VICENTE SUAREZ,2410,MIXTO(A)
XOCHITLAN DE VICENTE SUAREZ,2411,MIXTO(A)
XOCHITLAN DE VICENTE SUAREZ,2412,MIXTO(A)
ZACATLAN,2460,URBANO(A)
ZACATLAN,2461,URBANO(A)
ZACATLAN,2462,URBANO(A)
ZACATLAN,2463,URBANO(A)
ZACATLAN,2464,URBANO(A)
ZACATLAN,2465,URBANO(A)
ZACATLAN,2466,URBANO(A)
ZACATLAN,2467,URBANO(A)
ZACATLAN,2468,RURAL
ZACATLAN,2469,URBANO(A)
ZACATLAN,2470,RURAL
ZACATLAN,2471,RURAL
ZACATLAN,2472,RURAL
ZACATLAN,2473,RURAL
ZACATLAN,2474,RURAL
ZACATLAN,2475,RURAL
ZACATLAN,2476,RURAL
ZACATLAN,2477,RURAL
ZACATLAN,2478,RURAL
ZACATLAN,2479,RURAL
ZACATLAN,2480,RURAL
ZACATLAN,2481,MIXTO(A)
ZACATLAN,2482,RURAL
ZACATLAN,2483,RURAL
ZACATLAN,2484,RURAL
ZACATLAN,2485,RURAL
ZACATLAN,2486,RURAL
ZACATLAN,2487,RURAL
ZACATLAN,2488,RURAL
ZACATLAN,2489,RURAL
ZACATLAN,2727,URBANO(A)
ZAPOTITLAN DE MENDEZ,2499,URBANO(A)
ZAPOTITLAN DE MENDEZ,2500,RURAL
ZAPOTITLAN DE MENDEZ,2501,RURAL
ZAUTLA,2508,MIXTO(A)
ZAUTLA,2509,RURAL
ZAUTLA,2510,RURAL
ZAUTLA,2511,RURAL
ZAUTLA,2512,RURAL
ZAUTLA,2513,RURAL
ZAUTLA,2514,RURAL
ZAUTLA,2515,MIXTO(A)
ZAUTLA,2516,MIXTO(A)
ZAUTLA,2517,RURAL
ZAUTLA,2518,RURAL
ZAUTLA,2519,RURAL
ZONGOZOTLA,2533,URBANO(A)
ZONGOZOTLA,2534,URBANO(A)
ZOQUIAPAN,2535,MIXTO(A)
ZOQUIAPAN,2536,URBANO(A)
ACATENO,20,MIXTO(A)
ACATENO,21,MIXTO(A)
ACATENO,22,RURAL
ACATENO,23,RURAL
ACATENO,24,RURAL
ACATENO,25,RURAL
ACATENO,26,RURAL
ACATENO,27,RURAL
ATEMPAN,139,MIXTO(A)
ATEMPAN,140,MIXTO(A)
ATEMPAN,141,RURAL
ATEMPAN,142,RURAL
ATEMPAN,143,RURAL
ATEMPAN,144,RURAL
ATEMPAN,146,RURAL
ATEMPAN,147,RURAL
ATEMPAN,2674,RURAL
ATEMPAN,2675,RURAL
ATEMPAN,2728,RURAL
AYOTOXCO DE GUERRERO,241,MIXTO(A)
AYOTOXCO DE GUERRERO,242,MIXTO(A)
AYOTOXCO DE GUERRERO,243,RURAL
AYOTOXCO DE GUERRERO,244,RURAL
CUETZALAN DEL PROGRESO,344,URBANO(A)
CUETZALAN DEL PROGRESO,345,URBANO(A)
CUETZALAN DEL PROGRESO,346,MIXTO(A)
CUETZALAN DEL PROGRESO,347,URBANO(A)
CUETZALAN DEL PROGRESO,348,RURAL
CUETZALAN DEL PROGRESO,349,RURAL
CUETZALAN DEL PROGRESO,350,RURAL
CUETZALAN DEL PROGRESO,351,RURAL
CUETZALAN DEL PROGRESO,352,RURAL
CUETZALAN DEL PROGRESO,353,RURAL
CUETZALAN DEL PROGRESO,354,RURAL
CUETZALAN DEL PROGRESO,355,RURAL
CUETZALAN DEL PROGRESO,356,RURAL
CUETZALAN DEL PROGRESO,357,RURAL
CUETZALAN DEL PROGRESO,358,RURAL
CUETZALAN DEL PROGRESO,359,RURAL
CUETZALAN DEL PROGRESO,360,RURAL
CUETZALAN DEL PROGRESO,361,RURAL
CUETZALAN DEL PROGRESO,362,RURAL
CUETZALAN DEL PROGRESO,363,RURAL
CUETZALAN DEL PROGRESO,2729,RURAL
CUETZALAN DEL PROGRESO,2730,RURAL
CUETZALAN DEL PROGRESO,2765,RURAL
CHIGNAUTLA,489,MIXTO(A)
CHIGNAUTLA,490,RURAL
CHIGNAUTLA,491,MIXTO(A)
CHIGNAUTLA,492,RURAL
CHIGNAUTLA,495,RURAL
CHIGNAUTLA,2676,RURAL
CHIGNAUTLA,2677,RURAL
CHIGNAUTLA,2678,RURAL
CHIGNAUTLA,2679,RURAL
CHIGNAUTLA,2680,RURAL
HUEYAPAN,673,RURAL
HUEYAPAN,674,URBANO(A)
HUEYAPAN,675,RURAL
HUEYAPAN,676,RURAL
HUEYAPAN,677,RURAL
HUEYTAMALCO,678,URBANO(A)
HUEYTAMALCO,679,URBANO(A)
HUEYTAMALCO,680,RURAL
HUEYTAMALCO,681,RURAL
HUEYTAMALCO,682,RURAL
HUEYTAMALCO,683,RURAL
HUEYTAMALCO,684,RURAL
HUEYTAMALCO,685,RURAL
HUEYTAMALCO,686,RURAL
HUEYTAMALCO,687,RURAL
HUEYTAMALCO,688,RURAL
HUEYTAMALCO,689,RURAL
HUEYTAMALCO,690,RURAL
HUEYTAMALCO,691,RURAL
HUEYTAMALCO,692,RURAL
TENAMPULCO,2025,MIXTO(A)
TENAMPULCO,2026,MIXTO(A)
TENAMPULCO,2027,RURAL
TENAMPULCO,2028,RURAL
TENAMPULCO,2029,RURAL
TENAMPULCO,2030,RURAL
TENAMPULCO,2031,RURAL
TENAMPULCO,2032,RURAL
TETELES DE AVILA CASTILLO,2132,MIXTO(A)
TETELES DE AVILA CASTILLO,2133,MIXTO(A)
TEZIUTLAN,2134,URBANO(A)
TEZIUTLAN,2135,URBANO(A)
TEZIUTLAN,2136,URBANO(A)
TEZIUTLAN,2137,MIXTO(A)
TEZIUTLAN,2138,URBANO(A)
TEZIUTLAN,2139,URBANO(A)
TEZIUTLAN,2140,URBANO(A)
TEZIUTLAN,2141,URBANO(A)
TEZIUTLAN,2142,URBANO(A)
TEZIUTLAN,2143,URBANO(A)
TEZIUTLAN,2144,URBANO(A)
TEZIUTLAN,2145,URBANO(A)
TEZIUTLAN,2146,URBANO(A)
TEZIUTLAN,2147,URBANO(A)
TEZIUTLAN,2148,URBANO(A)
TEZIUTLAN,2149,URBANO(A)
TEZIUTLAN,2150,URBANO(A)
TEZIUTLAN,2151,URBANO(A)
TEZIUTLAN,2152,URBANO(A)
TEZIUTLAN,2153,URBANO(A)
TEZIUTLAN,2154,URBANO(A)
TEZIUTLAN,2155,URBANO(A)
TEZIUTLAN,2156,URBANO(A)
TEZIUTLAN,2157,URBANO(A)
TEZIUTLAN,2158,MIXTO(A)
TEZIUTLAN,2159,URBANO(A)
TEZIUTLAN,2160,URBANO(A)
TEZIUTLAN,2161,URBANO(A)
TEZIUTLAN,2162,URBANO(A)
TEZIUTLAN,2163,MIXTO(A)
TEZIUTLAN,2164,RURAL
TEZIUTLAN,2165,RURAL
TEZIUTLAN,2166,RURAL
TEZIUTLAN,2167,RURAL
TEZIUTLAN,2168,RURAL
TEZIUTLAN,2169,RURAL
TEZIUTLAN,2170,RURAL
TEZIUTLAN,2171,RURAL
TEZIUTLAN,2172,RURAL
TEZIUTLAN,2173,RURAL
TEZIUTLAN,2174,RURAL
TLATLAUQUITEPEC,2272,URBANO(A)
TLATLAUQUITEPEC,2273,MIXTO(A)
TLATLAUQUITEPEC,2274,URBANO(A)
TLATLAUQUITEPEC,2275,URBANO(A)
TLATLAUQUITEPEC,2276,RURAL
TLATLAUQUITEPEC,2277,RURAL
TLATLAUQUITEPEC,2278,RURAL
TLATLAUQUITEPEC,2279,RURAL
TLATLAUQUITEPEC,2280,RURAL
TLATLAUQUITEPEC,2281,RURAL
TLATLAUQUITEPEC,2282,RURAL
TLATLAUQUITEPEC,2283,RURAL
TLATLAUQUITEPEC,2284,RURAL
TLATLAUQUITEPEC,2285,RURAL
TLATLAUQUITEPEC,2287,RURAL
TLATLAUQUITEPEC,2288,URBANO(A)
TLATLAUQUITEPEC,2289,RURAL
TLATLAUQUITEPEC,2290,RURAL
TLATLAUQUITEPEC,2291,RURAL
TLATLAUQUITEPEC,2292,RURAL
TLATLAUQUITEPEC,2293,MIXTO(A)
TLATLAUQUITEPEC,2294,MIXTO(A)
TLATLAUQUITEPEC,2681,RURAL
TLATLAUQUITEPEC,2682,RURAL
TLATLAUQUITEPEC,2683,RURAL
TLATLAUQUITEPEC,2731,RURAL
TLATLAUQUITEPEC,2732,RURAL
YAONAHUAC,2416,URBANO(A)
YAONAHUAC,2417,URBANO(A)
YAONAHUAC,2418,RURAL
YAONAHUAC,2419,RURAL
YAONAHUAC,2733,RURAL
YAONAHUAC,2734,RURAL
YAONAHUAC,2735,RURAL
ZACAPOAXTLA,2433,URBANO(A)
ZACAPOAXTLA,2434,URBANO(A)
ZACAPOAXTLA,2435,RURAL
ZACAPOAXTLA,2436,MIXTO(A)
ZACAPOAXTLA,2437,URBANO(A)
ZACAPOAXTLA,2438,RURAL
ZACAPOAXTLA,2439,RURAL
ZACAPOAXTLA,2440,URBANO(A)
ZACAPOAXTLA,2441,RURAL
ZACAPOAXTLA,2442,RURAL
ZACAPOAXTLA,2443,RURAL
ZACAPOAXTLA,2444,RURAL
ZACAPOAXTLA,2445,RURAL
ZACAPOAXTLA,2446,RURAL
ZACAPOAXTLA,2447,RURAL
ZACAPOAXTLA,2448,RURAL
ZACAPOAXTLA,2449,RURAL
ZACAPOAXTLA,2450,RURAL
ZACAPOAXTLA,2451,RURAL
ZACAPOAXTLA,2452,RURAL
ZACAPOAXTLA,2453,RURAL
ZACAPOAXTLA,2454,RURAL
ZACAPOAXTLA,2455,RURAL
ZACAPOAXTLA,2456,RURAL
ZACAPOAXTLA,2457,RURAL
ZACAPOAXTLA,2458,RURAL
ZACAPOAXTLA,2459,RURAL
ZACAPOAXTLA,2736,URBANO(A)
ZACAPOAXTLA,2737,RURAL
ZACAPOAXTLA,2738,RURAL
ZACAPOAXTLA,2739,RURAL
ZARAGOZA,2502,URBANO(A)
ZARAGOZA,2503,URBANO(A)
ZARAGOZA,2504,MIXTO(A)
ZARAGOZA,2505,MIXTO(A)
ZARAGOZA,2506,RURAL
ZARAGOZA,2507,RURAL
AJALPAN,80,URBANO(A)
AJALPAN,81,URBANO(A)
AJALPAN,82,URBANO(A)
AJALPAN,83,URBANO(A)
AJALPAN,84,URBANO(A)
AJALPAN,85,URBANO(A)
AJALPAN,86,MIXTO(A)
AJALPAN,87,RURAL
AJALPAN,88,RURAL
AJALPAN,89,RURAL
AJALPAN,90,RURAL
AJALPAN,91,RURAL
AJALPAN,92,RURAL
AJALPAN,93,RURAL
AJALPAN,94,RURAL
AJALPAN,95,RURAL
AJALPAN,97,RURAL
AJALPAN,98,RURAL
AJALPAN,99,RURAL
AJALPAN,100,RURAL
AJALPAN,101,RURAL
AJALPAN,2684,RURAL
AJALPAN,2685,RURAL
AJALPAN,2686,RURAL
AJALPAN,2687,RURAL
AJALPAN,2740,RURAL
ALTEPEXI,107,MIXTO(A)
ALTEPEXI,108,URBANO(A)
ALTEPEXI,109,URBANO(A)
ALTEPEXI,110,URBANO(A)
ALTEPEXI,111,URBANO(A)
ALTEPEXI,112,URBANO(A)
CALTEPEC,253,MIXTO(A)
CALTEPEC,254,RURAL
CALTEPEC,255,RURAL
CALTEPEC,256,RURAL
CALTEPEC,257,RURAL
CALTEPEC,258,RURAL
CALTEPEC,259,RURAL
CAÑADA MORELOS,262,URBANO(A)
CAÑADA MORELOS,263,URBANO(A)
CAÑADA MORELOS,264,RURAL
CAÑADA MORELOS,265,RURAL
CAÑADA MORELOS,266,RURAL
CAÑADA MORELOS,267,RURAL
CAÑADA MORELOS,268,RURAL
CAÑADA MORELOS,269,RURAL
CAÑADA MORELOS,270,MIXTO(A)
COXCATLAN,294,URBANO(A)
COXCATLAN,295,URBANO(A)
COXCATLAN,296,URBANO(A)
COXCATLAN,297,MIXTO(A)
COXCATLAN,298,RURAL
COXCATLAN,299,RURAL
COXCATLAN,300,URBANO(A)
COXCATLAN,301,URBANO(A)
COXCATLAN,302,RURAL
COXCATLAN,303,RURAL
COXCATLAN,304,RURAL
COXCATLAN,305,MIXTO(A)
COYOMEAPAN,306,MIXTO(A)
COYOMEAPAN,307,MIXTO(A)
COYOMEAPAN,308,RURAL
COYOMEAPAN,309,RURAL
COYOMEAPAN,310,RURAL
COYOMEAPAN,311,RURAL
COYOMEAPAN,312,RURAL
COYOMEAPAN,313,RURAL
CHAPULCO,395,MIXTO(A)
CHAPULCO,396,URBANO(A)
CHAPULCO,397,RURAL
ELOXOCHITLAN,518,RURAL
ELOXOCHITLAN,519,RURAL
ELOXOCHITLAN,520,RURAL
ELOXOCHITLAN,521,RURAL
ELOXOCHITLAN,522,RURAL
ELOXOCHITLAN,523,RURAL
GENERAL FELIPE ANGELES,544,URBANO(A)
GENERAL FELIPE ANGELES,545,MIXTO(A)
GENERAL FELIPE ANGELES,546,URBANO(A)
GENERAL FELIPE ANGELES,547,URBANO(A)
GENERAL FELIPE ANGELES,548,URBANO(A)
GENERAL FELIPE ANGELES,549,URBANO(A)
GENERAL FELIPE ANGELES,550,MIXTO(A)
NICOLAS BRAVO,842,URBANO(A)
NICOLAS BRAVO,843,MIXTO(A)
NICOLAS BRAVO,844,URBANO(A)
NICOLAS BRAVO,845,RURAL
PALMAR DE BRAVO,897,MIXTO(A)
PALMAR DE BRAVO,898,MIXTO(A)
PALMAR DE BRAVO,899,RURAL
PALMAR DE BRAVO,900,RURAL
PALMAR DE BRAVO,901,URBANO(A)
PALMAR DE BRAVO,902,MIXTO(A)
PALMAR DE BRAVO,903,RURAL
PALMAR DE BRAVO,904,MIXTO(A)
PALMAR DE BRAVO,905,MIXTO(A)
PALMAR DE BRAVO,906,RURAL
PALMAR DE BRAVO,907,RURAL
PALMAR DE BRAVO,908,MIXTO(A)
PALMAR DE BRAVO,909,MIXTO(A)
PALMAR DE BRAVO,910,MIXTO(A)
PALMAR DE BRAVO,911,URBANO(A)
PALMAR DE BRAVO,2741,URBANO(A)
QUECHOLAC,1610,MIXTO(A)
QUECHOLAC,1611,MIXTO(A)
QUECHOLAC,1612,MIXTO(A)
QUECHOLAC,1613,URBANO(A)
QUECHOLAC,1614,MIXTO(A)
QUECHOLAC,1615,RURAL
QUECHOLAC,1616,MIXTO(A)
QUECHOLAC,1617,URBANO(A)
QUECHOLAC,1618,URBANO(A)
QUECHOLAC,1619,MIXTO(A)
QUECHOLAC,1620,URBANO(A)
QUECHOLAC,1621,URBANO(A)
QUECHOLAC,1622,MIXTO(A)
QUECHOLAC,1623,URBANO(A)
QUECHOLAC,1624,MIXTO(A)
QUECHOLAC,1625,RURAL
SAN ANTONIO CAÑADA,1672,RURAL
SAN ANTONIO CAÑADA,1673,RURAL
SAN GABRIEL CHILAC,1685,URBANO(A)
SAN GABRIEL CHILAC,1686,URBANO(A)
SAN GABRIEL CHILAC,1687,URBANO(A)
SAN GABRIEL CHILAC,1688,URBANO(A)
SAN GABRIEL CHILAC,1689,URBANO(A)
SAN GABRIEL CHILAC,1690,RURAL
SAN JOSE MIAHUATLAN,1708,URBANO(A)
SAN JOSE MIAHUATLAN,1709,URBANO(A)
SAN JOSE MIAHUATLAN,1710,URBANO(A)
SAN JOSE MIAHUATLAN,1711,RURAL
SAN JOSE MIAHUATLAN,1712,RURAL
SAN JOSE MIAHUATLAN,1713,RURAL
SAN JOSE MIAHUATLAN,1714,RURAL
SAN SEBASTIAN TLACOTEPEC,2201,MIXTO(A)
SAN SEBASTIAN TLACOTEPEC,2202,RURAL
SAN SEBASTIAN TLACOTEPEC,2203,RURAL
SAN SEBASTIAN TLACOTEPEC,2204,RURAL
SAN SEBASTIAN TLACOTEPEC,2205,RURAL
SAN SEBASTIAN TLACOTEPEC,2206,RURAL
SAN SEBASTIAN TLACOTEPEC,2207,RURAL
SAN SEBASTIAN TLACOTEPEC,2208,RURAL
SAN SEBASTIAN TLACOTEPEC,2742,RURAL
VICENTE GUERRERO,2349,MIXTO(A)
VICENTE GUERRERO,2350,URBANO(A)
VICENTE GUERRERO,2351,RURAL
VICENTE GUERRERO,2352,RURAL
VICENTE GUERRERO,2353,RURAL
VICENTE GUERRERO,2354,RURAL
VICENTE GUERRERO,2355,RURAL
VICENTE GUERRERO,2356,RURAL
VICENTE GUERRERO,2357,RURAL
VICENTE GUERRERO,2358,RURAL
VICENTE GUERRERO,2359,RURAL
ZAPOTITLAN,2490,MIXTO(A)
ZAPOTITLAN,2491,RURAL
ZAPOTITLAN,2492,RURAL
ZAPOTITLAN,2493,RURAL
ZAPOTITLAN,2494,RURAL
ZAPOTITLAN,2495,RURAL
ZAPOTITLAN,2496,RURAL
ZAPOTITLAN,2497,RURAL
ZAPOTITLAN,2498,RURAL
ZINACATEPEC,2527,URBANO(A)
ZINACATEPEC,2528,URBANO(A)
ZINACATEPEC,2529,URBANO(A)
ZINACATEPEC,2530,URBANO(A)
ZINACATEPEC,2531,URBANO(A)
ZINACATEPEC,2532,URBANO(A)
ZOQUITLAN,2537,RURAL
ZOQUITLAN,2538,RURAL
ZOQUITLAN,2539,RURAL
ZOQUITLAN,2540,RURAL
ZOQUITLAN,2541,RURAL
ZOQUITLAN,2542,RURAL
ZOQUITLAN,2543,RURAL
ZOQUITLAN,2544,RURAL
ZOQUITLAN,2545,RURAL
ZOQUITLAN,2546,RURAL
ZOQUITLAN,2547,RURAL
ZOQUITLAN,2548,RURAL
CALPAN,245,URBANO(A)
CALPAN,246,URBANO(A)
CALPAN,247,URBANO(A)
CALPAN,248,MIXTO(A)
CALPAN,249,URBANO(A)
CALPAN,250,URBANO(A)
CALPAN,251,URBANO(A)
CALPAN,252,URBANO(A)
CHIAUTZINGO,415,MIXTO(A)
CHIAUTZINGO,416,URBANO(A)
CHIAUTZINGO,417,URBANO(A)
CHIAUTZINGO,418,URBANO(A)
CHIAUTZINGO,419,RURAL
CHIAUTZINGO,420,RURAL
CHIAUTZINGO,421,URBANO(A)
CHIAUTZINGO,422,URBANO(A)
DOMINGO ARENAS,515,URBANO(A)
DOMINGO ARENAS,516,MIXTO(A)
DOMINGO ARENAS,517,URBANO(A)
HUEJOTZINGO,651,URBANO(A)
HUEJOTZINGO,652,URBANO(A)
HUEJOTZINGO,653,MIXTO(A)
HUEJOTZINGO,654,URBANO(A)
HUEJOTZINGO,655,URBANO(A)
HUEJOTZINGO,656,MIXTO(A)
HUEJOTZINGO,657,URBANO(A)
HUEJOTZINGO,658,URBANO(A)
HUEJOTZINGO,659,MIXTO(A)
HUEJOTZINGO,660,URBANO(A)
HUEJOTZINGO,661,URBANO(A)
HUEJOTZINGO,662,URBANO(A)
HUEJOTZINGO,663,MIXTO(A)
HUEJOTZINGO,664,URBANO(A)
HUEJOTZINGO,665,URBANO(A)
HUEJOTZINGO,666,RURAL
HUEJOTZINGO,667,RURAL
HUEJOTZINGO,668,RURAL
HUEJOTZINGO,669,RURAL
HUEJOTZINGO,670,URBANO(A)
HUEJOTZINGO,671,RURAL
HUEJOTZINGO,672,RURAL
HUEJOTZINGO,2743,RURAL
NEALTICAN,838,URBANO(A)
NEALTICAN,839,URBANO(A)
NEALTICAN,840,URBANO(A)
NEALTICAN,841,URBANO(A)
SAN FELIPE TEOTLALCINGO,1677,MIXTO(A)
SAN FELIPE TEOTLALCINGO,1678,URBANO(A)
SAN FELIPE TEOTLALCINGO,1679,MIXTO(A)
SAN FELIPE TEOTLALCINGO,1680,RURAL
SAN FELIPE TEOTLALCINGO,1681,RURAL
SAN MARTIN TEXMELUCAN,1720,URBANO(A)
SAN MARTIN TEXMELUCAN,1721,URBANO(A)
SAN MARTIN TEXMELUCAN,1722,URBANO(A)
SAN MARTIN TEXMELUCAN,1723,URBANO(A)
SAN MARTIN TEXMELUCAN,1724,URBANO(A)
SAN MARTIN TEXMELUCAN,1725,URBANO(A)
SAN MARTIN TEXMELUCAN,1726,URBANO(A)
SAN MARTIN TEXMELUCAN,1727,URBANO(A)
SAN MARTIN TEXMELUCAN,1728,URBANO(A)
SAN MARTIN TEXMELUCAN,1729,URBANO(A)
SAN MARTIN TEXMELUCAN,1730,URBANO(A)
SAN MARTIN TEXMELUCAN,1731,URBANO(A)
SAN MARTIN TEXMELUCAN,1732,URBANO(A)
SAN MARTIN TEXMELUCAN,1733,URBANO(A)
SAN MARTIN TEXMELUCAN,1734,URBANO(A)
SAN MARTIN TEXMELUCAN,1735,URBANO(A)
SAN MARTIN TEXMELUCAN,1736,URBANO(A)
SAN MARTIN TEXMELUCAN,1737,URBANO(A)
SAN MARTIN TEXMELUCAN,1738,URBANO(A)
SAN MARTIN TEXMELUCAN,1739,URBANO(A)
SAN MARTIN TEXMELUCAN,1740,URBANO(A)
SAN MARTIN TEXMELUCAN,1741,URBANO(A)
SAN MARTIN TEXMELUCAN,1742,URBANO(A)
SAN MARTIN TEXMELUCAN,1743,URBANO(A)
SAN MARTIN TEXMELUCAN,1744,URBANO(A)
SAN MARTIN TEXMELUCAN,1745,URBANO(A)
SAN MARTIN TEXMELUCAN,1746,URBANO(A)
SAN MARTIN TEXMELUCAN,1747,URBANO(A)
SAN MARTIN TEXMELUCAN,1748,URBANO(A)
SAN MARTIN TEXMELUCAN,1749,URBANO(A)
SAN MARTIN TEXMELUCAN,1750,URBANO(A)
SAN MARTIN TEXMELUCAN,1751,URBANO(A)
SAN MARTIN TEXMELUCAN,1752,URBANO(A)
SAN MARTIN TEXMELUCAN,1753,URBANO(A)
SAN MARTIN TEXMELUCAN,1754,URBANO(A)
SAN MARTIN TEXMELUCAN,1755,URBANO(A)
SAN MARTIN TEXMELUCAN,1756,URBANO(A)
SAN MARTIN TEXMELUCAN,1757,URBANO(A)
SAN MARTIN TEXMELUCAN,1758,URBANO(A)
SAN MARTIN TEXMELUCAN,1759,URBANO(A)
SAN MARTIN TEXMELUCAN,1760,URBANO(A)
SAN MARTIN TEXMELUCAN,1761,URBANO(A)
SAN MARTIN TEXMELUCAN,1762,URBANO(A)
SAN MARTIN TEXMELUCAN,1763,URBANO(A)
SAN MARTIN TEXMELUCAN,1764,URBANO(A)
SAN MARTIN TEXMELUCAN,1765,URBANO(A)
SAN MARTIN TEXMELUCAN,1766,URBANO(A)
SAN MARTIN TEXMELUCAN,1767,URBANO(A)
SAN MARTIN TEXMELUCAN,1768,URBANO(A)
SAN MARTIN TEXMELUCAN,1769,URBANO(A)
SAN MARTIN TEXMELUCAN,1770,URBANO(A)
SAN MARTIN TEXMELUCAN,1771,URBANO(A)
SAN MARTIN TEXMELUCAN,1772,URBANO(A)
SAN MARTIN TEXMELUCAN,1773,MIXTO(A)
SAN MATIAS TLALANCALECA,1775,MIXTO(A)
SAN MATIAS TLALANCALECA,1776,URBANO(A)
SAN MATIAS TLALANCALECA,1777,URBANO(A)
SAN MATIAS TLALANCALECA,1778,URBANO(A)
SAN MATIAS TLALANCALECA,1779,URBANO(A)
SAN MATIAS TLALANCALECA,1780,RURAL
SAN MATIAS TLALANCALECA,1781,MIXTO(A)
SAN MATIAS TLALANCALECA,1782,URBANO(A)
SAN MATIAS TLALANCALECA,1783,RURAL
SAN MIGUEL XOXTLA,1785,URBANO(A)
SAN MIGUEL XOXTLA,1786,URBANO(A)
SAN MIGUEL XOXTLA,1787,URBANO(A)
SAN MIGUEL XOXTLA,1788,URBANO(A)
SAN NICOLAS DE LOS RANCHOS,1793,URBANO(A)
SAN NICOLAS DE LOS RANCHOS,1794,URBANO(A)
SAN NICOLAS DE LOS RANCHOS,1795,URBANO(A)
SAN NICOLAS DE LOS RANCHOS,1796,URBANO(A)
SAN NICOLAS DE LOS RANCHOS,1797,MIXTO(A)
SAN SALVADOR EL VERDE,1858,MIXTO(A)
SAN SALVADOR EL VERDE,1859,URBANO(A)
SAN SALVADOR EL VERDE,1860,MIXTO(A)
SAN SALVADOR EL VERDE,1861,URBANO(A)
SAN SALVADOR EL VERDE,1862,URBANO(A)
SAN SALVADOR EL VERDE,1863,RURAL
SAN SALVADOR EL VERDE,1864,RURAL
SAN SALVADOR EL VERDE,1865,RURAL
SAN SALVADOR EL VERDE,1866,RURAL
SAN SALVADOR EL VERDE,1867,URBANO(A)
TLAHUAPAN,2233,MIXTO(A)
TLAHUAPAN,2234,MIXTO(A)
TLAHUAPAN,2235,URBANO(A)
TLAHUAPAN,2236,URBANO(A)
TLAHUAPAN,2237,RURAL
TLAHUAPAN,2238,RURAL
TLAHUAPAN,2239,RURAL
TLAHUAPAN,2240,MIXTO(A)
TLAHUAPAN,2241,RURAL
TLAHUAPAN,2242,RURAL
TLAHUAPAN,2243,RURAL
TLAHUAPAN,2244,URBANO(A)
TLAHUAPAN,2245,URBANO(A)
TLAHUAPAN,2246,URBANO(A)
TLAHUAPAN,2247,URBANO(A)
TLALTENANGO,2248,URBANO(A)
TLALTENANGO,2249,URBANO(A)
TLALTENANGO,2250,URBANO(A)
PUEBLA,1302,URBANO(A)
PUEBLA,1303,URBANO(A)
PUEBLA,1304,URBANO(A)
PUEBLA,1319,URBANO(A)
PUEBLA,1320,URBANO(A)
PUEBLA,1327,URBANO(A)
PUEBLA,1331,URBANO(A)
PUEBLA,1332,URBANO(A)
PUEBLA,1333,URBANO(A)
PUEBLA,1334,URBANO(A)
PUEBLA,1335,URBANO(A)
PUEBLA,1336,URBANO(A)
PUEBLA,1337,URBANO(A)
PUEBLA,1338,URBANO(A)
PUEBLA,1339,URBANO(A)
PUEBLA,1340,URBANO(A)
PUEBLA,1341,URBANO(A)
PUEBLA,1342,URBANO(A)
PUEBLA,1343,URBANO(A)
PUEBLA,1344,URBANO(A)
PUEBLA,1345,URBANO(A)
PUEBLA,1346,URBANO(A)
PUEBLA,1347,URBANO(A)
PUEBLA,1352,URBANO(A)
PUEBLA,1353,URBANO(A)
PUEBLA,1354,URBANO(A)
PUEBLA,1355,URBANO(A)
PUEBLA,1356,URBANO(A)
PUEBLA,1357,URBANO(A)
PUEBLA,1358,URBANO(A)
PUEBLA,1359,URBANO(A)
PUEBLA,1360,URBANO(A)
PUEBLA,1361,URBANO(A)
PUEBLA,1362,URBANO(A)
PUEBLA,1363,URBANO(A)
PUEBLA,1364,URBANO(A)
PUEBLA,1370,URBANO(A)
PUEBLA,1371,URBANO(A)
PUEBLA,1372,URBANO(A)
PUEBLA,1373,URBANO(A)
PUEBLA,1374,URBANO(A)
PUEBLA,1375,URBANO(A)
PUEBLA,1376,URBANO(A)
PUEBLA,1377,URBANO(A)
PUEBLA,1381,URBANO(A)
PUEBLA,1382,URBANO(A)
PUEBLA,1383,URBANO(A)
PUEBLA,1384,URBANO(A)
PUEBLA,1385,URBANO(A)
PUEBLA,1386,URBANO(A)
PUEBLA,1387,URBANO(A)
PUEBLA,1388,URBANO(A)
PUEBLA,1389,URBANO(A)
PUEBLA,1390,URBANO(A)
PUEBLA,1391,URBANO(A)
PUEBLA,1396,URBANO(A)
PUEBLA,1397,URBANO(A)
PUEBLA,1398,URBANO(A)
PUEBLA,1399,URBANO(A)
PUEBLA,1400,URBANO(A)
PUEBLA,1401,URBANO(A)
PUEBLA,1402,URBANO(A)
PUEBLA,1403,URBANO(A)
PUEBLA,1404,URBANO(A)
PUEBLA,1405,URBANO(A)
PUEBLA,1408,URBANO(A)
PUEBLA,1409,URBANO(A)
PUEBLA,1410,URBANO(A)
PUEBLA,1411,URBANO(A)
PUEBLA,1412,URBANO(A)
PUEBLA,1413,URBANO(A)
PUEBLA,1414,URBANO(A)
PUEBLA,1415,URBANO(A)
PUEBLA,1416,URBANO(A)
PUEBLA,1417,URBANO(A)
PUEBLA,1418,URBANO(A)
PUEBLA,1419,URBANO(A)
PUEBLA,1420,MIXTO(A)
PUEBLA,1421,URBANO(A)
PUEBLA,1422,URBANO(A)
PUEBLA,1491,URBANO(A)
PUEBLA,1541,URBANO(A)
PUEBLA,1542,URBANO(A)
PUEBLA,1543,URBANO(A)
PUEBLA,1544,URBANO(A)
PUEBLA,1545,URBANO(A)
PUEBLA,1546,URBANO(A)
PUEBLA,1547,URBANO(A)
PUEBLA,1548,URBANO(A)
PUEBLA,1549,URBANO(A)
PUEBLA,1550,URBANO(A)
PUEBLA,1551,URBANO(A)
PUEBLA,1568,URBANO(A)
PUEBLA,1569,URBANO(A)
PUEBLA,1570,URBANO(A)
PUEBLA,1571,URBANO(A)
PUEBLA,1572,URBANO(A)
PUEBLA,1573,URBANO(A)
PUEBLA,1574,URBANO(A)
PUEBLA,1575,URBANO(A)
PUEBLA,1576,URBANO(A)
PUEBLA,1577,URBANO(A)
PUEBLA,1578,URBANO(A)
PUEBLA,1579,URBANO(A)
PUEBLA,1580,URBANO(A)
PUEBLA,1581,URBANO(A)
PUEBLA,1583,URBANO(A)
PUEBLA,1584,URBANO(A)
PUEBLA,1585,URBANO(A)
PUEBLA,1586,URBANO(A)
PUEBLA,1587,URBANO(A)
PUEBLA,1588,URBANO(A)
PUEBLA,1595,URBANO(A)
PUEBLA,1596,URBANO(A)
PUEBLA,1597,URBANO(A)
PUEBLA,1601,URBANO(A)
PUEBLA,2622,URBANO(A)
PUEBLA,2623,URBANO(A)
PUEBLA,2624,URBANO(A)
PUEBLA,2626,URBANO(A)
PUEBLA,2627,URBANO(A)
PUEBLA,2628,URBANO(A)
PUEBLA,2629,URBANO(A)
PUEBLA,2630,URBANO(A)
PUEBLA,2631,URBANO(A)
PUEBLA,2632,URBANO(A)
PUEBLA,2744,URBANO(A)
ACAJETE,1,MIXTO(A)
ACAJETE,2,URBANO(A)
ACAJETE,3,URBANO(A)
ACAJETE,4,MIXTO(A)
ACAJETE,5,MIXTO(A)
ACAJETE,6,MIXTO(A)
ACAJETE,7,URBANO(A)
ACAJETE,8,URBANO(A)
ACAJETE,9,MIXTO(A)
ACAJETE,10,URBANO(A)
ACAJETE,11,URBANO(A)
ACAJETE,12,URBANO(A)
ACAJETE,13,URBANO(A)
ACAJETE,14,URBANO(A)
ACAJETE,16,URBANO(A)
ACAJETE,17,URBANO(A)
ACAJETE,18,URBANO(A)
ACAJETE,19,URBANO(A)
ACAJETE,2688,URBANO(A)
ACAJETE,2689,URBANO(A)
ACATZINGO,45,URBANO(A)
ACATZINGO,46,URBANO(A)
ACATZINGO,47,URBANO(A)
ACATZINGO,48,MIXTO(A)
ACATZINGO,49,URBANO(A)
ACATZINGO,50,MIXTO(A)
ACATZINGO,51,URBANO(A)
ACATZINGO,52,URBANO(A)
ACATZINGO,53,URBANO(A)
ACATZINGO,54,URBANO(A)
ACATZINGO,55,URBANO(A)
ACATZINGO,56,RURAL
ACATZINGO,57,MIXTO(A)
ACATZINGO,58,MIXTO(A)
ACATZINGO,59,RURAL
ACATZINGO,60,RURAL
AMOZOC,116,URBANO(A)
AMOZOC,117,MIXTO(A)
AMOZOC,118,URBANO(A)
AMOZOC,119,URBANO(A)
AMOZOC,120,URBANO(A)
AMOZOC,121,MIXTO(A)
AMOZOC,122,URBANO(A)
AMOZOC,123,URBANO(A)
AMOZOC,124,URBANO(A)
AMOZOC,125,URBANO(A)
AMOZOC,126,URBANO(A)
AMOZOC,127,URBANO(A)
AMOZOC,128,URBANO(A)
AMOZOC,129,MIXTO(A)
AMOZOC,130,MIXTO(A)
AMOZOC,131,URBANO(A)
AMOZOC,132,MIXTO(A)
AMOZOC,133,RURAL
CUAPIAXTLA DE MADERO,318,MIXTO(A)
CUAPIAXTLA DE MADERO,2690,RURAL
CUAPIAXTLA DE MADERO,2691,MIXTO(A)
CUAUTINCHAN,323,MIXTO(A)
CUAUTINCHAN,2692,RURAL
CUAUTINCHAN,2693,MIXTO(A)
CUAUTINCHAN,2694,RURAL
CUAUTINCHAN,2695,RURAL
MIXTLA,823,MIXTO(A)
MIXTLA,824,URBANO(A)
NOPALUCAN,846,URBANO(A)
NOPALUCAN,847,MIXTO(A)
NOPALUCAN,848,MIXTO(A)
NOPALUCAN,850,MIXTO(A)
NOPALUCAN,851,URBANO(A)
NOPALUCAN,852,MIXTO(A)
NOPALUCAN,853,MIXTO(A)
NOPALUCAN,2766,RURAL
NOPALUCAN,2767,RURAL
PUEBLA,2550,URBANO(A)
LOS REYES DE JUAREZ,1643,URBANO(A)
LOS REYES DE JUAREZ,1644,URBANO(A)
LOS REYES DE JUAREZ,1645,URBANO(A)
LOS REYES DE JUAREZ,1646,URBANO(A)
LOS REYES DE JUAREZ,1647,MIXTO(A)
LOS REYES DE JUAREZ,1648,URBANO(A)
LOS REYES DE JUAREZ,1649,MIXTO(A)
LOS REYES DE JUAREZ,2696,RURAL
LOS REYES DE JUAREZ,2697,MIXTO(A)
SOLTEPEC,1891,URBANO(A)
SOLTEPEC,1892,MIXTO(A)
SOLTEPEC,1893,URBANO(A)
SOLTEPEC,1894,URBANO(A)
SOLTEPEC,1895,RURAL
SOLTEPEC,1896,RURAL
TECALI DE HERRERA,1897,MIXTO(A)
TECALI DE HERRERA,1898,MIXTO(A)
TECALI DE HERRERA,1899,URBANO(A)
TECALI DE HERRERA,1900,RURAL
TECALI DE HERRERA,1901,RURAL
TECALI DE HERRERA,1902,RURAL
TECALI DE HERRERA,1903,RURAL
TECALI DE HERRERA,1904,URBANO(A)
TECALI DE HERRERA,1905,URBANO(A)
TECALI DE HERRERA,2745,RURAL
TEPATLAXCO DE HIDALGO,2051,MIXTO(A)
TEPATLAXCO DE HIDALGO,2052,URBANO(A)
TEPATLAXCO DE HIDALGO,2053,URBANO(A)
TEPATLAXCO DE HIDALGO,2054,URBANO(A)
TEPATLAXCO DE HIDALGO,2055,URBANO(A)
TEPATLAXCO DE HIDALGO,2056,URBANO(A)
TEPATLAXCO DE HIDALGO,2057,URBANO(A)
TEPEACA,2058,URBANO(A)
TEPEACA,2059,URBANO(A)
TEPEACA,2060,URBANO(A)
TEPEACA,2061,URBANO(A)
TEPEACA,2062,URBANO(A)
TEPEACA,2063,MIXTO(A)
TEPEACA,2064,URBANO(A)
TEPEACA,2065,URBANO(A)
TEPEACA,2066,URBANO(A)
TEPEACA,2067,RURAL
TEPEACA,2068,RURAL
TEPEACA,2069,RURAL
TEPEACA,2070,RURAL
TEPEACA,2071,RURAL
TEPEACA,2072,URBANO(A)
TEPEACA,2073,URBANO(A)
TEPEACA,2074,URBANO(A)
TEPEACA,2075,MIXTO(A)
TEPEACA,2076,MIXTO(A)
TEPEACA,2077,URBANO(A)
TEPEACA,2078,MIXTO(A)
TEPEACA,2079,URBANO(A)
TEPEACA,2080,MIXTO(A)
TEPEACA,2081,MIXTO(A)
ALJOJUCA,103,URBANO(A)
ALJOJUCA,104,URBANO(A)
ALJOJUCA,105,URBANO(A)
ALJOJUCA,106,RURAL
ATZITZINTLA,234,MIXTO(A)
ATZITZINTLA,235,MIXTO(A)
ATZITZINTLA,236,RURAL
ATZITZINTLA,237,RURAL
ATZITZINTLA,238,RURAL
CUYOACO,364,MIXTO(A)
CUYOACO,365,MIXTO(A)
CUYOACO,366,RURAL
CUYOACO,367,MIXTO(A)
CUYOACO,368,RURAL
CUYOACO,369,URBANO(A)
CUYOACO,370,MIXTO(A)
CHALCHICOMULA DE SESMA,371,URBANO(A)
CHALCHICOMULA DE SESMA,372,MIXTO(A)
CHALCHICOMULA DE SESMA,373,URBANO(A)
CHALCHICOMULA DE SESMA,374,URBANO(A)
CHALCHICOMULA DE SESMA,375,URBANO(A)
CHALCHICOMULA DE SESMA,376,URBANO(A)
CHALCHICOMULA DE SESMA,377,URBANO(A)
CHALCHICOMULA DE SESMA,378,MIXTO(A)
CHALCHICOMULA DE SESMA,379,MIXTO(A)
CHALCHICOMULA DE SESMA,380,URBANO(A)
CHALCHICOMULA DE SESMA,381,RURAL
CHALCHICOMULA DE SESMA,382,RURAL
CHALCHICOMULA DE SESMA,383,RURAL
CHALCHICOMULA DE SESMA,384,RURAL
CHALCHICOMULA DE SESMA,385,RURAL
CHALCHICOMULA DE SESMA,386,MIXTO(A)
CHALCHICOMULA DE SESMA,387,RURAL
CHALCHICOMULA DE SESMA,388,RURAL
CHALCHICOMULA DE SESMA,389,RURAL
CHALCHICOMULA DE SESMA,390,RURAL
CHALCHICOMULA DE SESMA,391,RURAL
CHALCHICOMULA DE SESMA,392,RURAL
CHALCHICOMULA DE SESMA,393,RURAL
CHALCHICOMULA DE SESMA,394,RURAL
CHICHIQUILA,430,MIXTO(A)
CHICHIQUILA,431,RURAL
CHICHIQUILA,432,RURAL
CHICHIQUILA,433,RURAL
CHICHIQUILA,434,RURAL
CHICHIQUILA,435,RURAL
CHICHIQUILA,436,RURAL
CHICHIQUILA,437,RURAL
CHICHIQUILA,438,RURAL
CHICHIQUILA,2768,RURAL
CHILCHOTLA,505,URBANO(A)
CHILCHOTLA,506,MIXTO(A)
CHILCHOTLA,507,RURAL
CHILCHOTLA,508,RURAL
CHILCHOTLA,509,RURAL
CHILCHOTLA,510,RURAL
CHILCHOTLA,511,RURAL
ESPERANZA,526,URBANO(A)
ESPERANZA,527,MIXTO(A)
ESPERANZA,528,URBANO(A)
ESPERANZA,529,URBANO(A)
ESPERANZA,530,RURAL
ESPERANZA,531,RURAL
ESPERANZA,532,RURAL
ESPERANZA,533,RURAL
ESPERANZA,534,RURAL
GUADALUPE VICTORIA,555,URBANO(A)
GUADALUPE VICTORIA,556,MIXTO(A)
GUADALUPE VICTORIA,557,URBANO(A)
GUADALUPE VICTORIA,558,MIXTO(A)
GUADALUPE VICTORIA,559,RURAL
GUADALUPE VICTORIA,560,RURAL
GUADALUPE VICTORIA,561,RURAL
GUADALUPE VICTORIA,562,RURAL
GUADALUPE VICTORIA,563,RURAL
GUADALUPE VICTORIA,564,RURAL
LAFRAGUA,801,URBANO(A)
LAFRAGUA,802,URBANO(A)
LAFRAGUA,803,RURAL
LAFRAGUA,804,RURAL
LAFRAGUA,805,RURAL
LAFRAGUA,806,RURAL
LAFRAGUA,807,URBANO(A)
LAFRAGUA,808,RURAL
LIBRES,809,MIXTO(A)
LIBRES,810,URBANO(A)
LIBRES,811,URBANO(A)
LIBRES,812,URBANO(A)
LIBRES,813,MIXTO(A)
LIBRES,814,RURAL
LIBRES,815,RURAL
LIBRES,816,RURAL
LIBRES,817,RURAL
LIBRES,818,RURAL
LIBRES,819,RURAL
MAZAPILTEPEC DE JUAREZ,821,MIXTO(A)
MAZAPILTEPEC DE JUAREZ,822,MIXTO(A)
MAZAPILTEPEC DE JUAREZ,2746,RURAL
OCOTEPEC,854,MIXTO(A)
OCOTEPEC,855,MIXTO(A)
OCOTEPEC,856,RURAL
ORIENTAL,875,MIXTO(A)
ORIENTAL,876,RURAL
ORIENTAL,877,URBANO(A)
ORIENTAL,878,URBANO(A)
ORIENTAL,879,MIXTO(A)
ORIENTAL,880,URBANO(A)
ORIENTAL,881,RURAL
ORIENTAL,882,RURAL
ORIENTAL,2747,URBANO(A)
QUIMIXTLAN,1626,MIXTO(A)
QUIMIXTLAN,1627,RURAL
QUIMIXTLAN,1628,RURAL
QUIMIXTLAN,1629,RURAL
QUIMIXTLAN,1630,RURAL
QUIMIXTLAN,1631,RURAL
QUIMIXTLAN,1632,RURAL
QUIMIXTLAN,1633,RURAL
QUIMIXTLAN,1634,RURAL
QUIMIXTLAN,1635,RURAL
RAFAEL LARA GRAJALES,1636,MIXTO(A)
RAFAEL LARA GRAJALES,1637,URBANO(A)
RAFAEL LARA GRAJALES,1638,URBANO(A)
RAFAEL LARA GRAJALES,1639,URBANO(A)
RAFAEL LARA GRAJALES,1640,URBANO(A)
RAFAEL LARA GRAJALES,1641,URBANO(A)
RAFAEL LARA GRAJALES,1642,URBANO(A)
SAN JOSE CHIAPA,1702,URBANO(A)
SAN JOSE CHIAPA,1703,URBANO(A)
SAN JOSE CHIAPA,1704,MIXTO(A)
SAN JOSE CHIAPA,1705,URBANO(A)
SAN JOSE CHIAPA,1706,RURAL
SAN JOSE CHIAPA,1707,RURAL
SAN JUAN ATENCO,1715,MIXTO(A)
SAN JUAN ATENCO,1716,MIXTO(A)
SAN JUAN ATENCO,1717,RURAL
SAN JUAN ATENCO,1718,RURAL
SAN NICOLAS BUENOS AIRES,1789,URBANO(A)
SAN NICOLAS BUENOS AIRES,1790,MIXTO(A)
SAN NICOLAS BUENOS AIRES,1791,MIXTO(A)
SAN NICOLAS BUENOS AIRES,1792,RURAL
SAN NICOLAS BUENOS AIRES,2748,RURAL
SAN SALVADOR EL SECO,1848,MIXTO(A)
SAN SALVADOR EL SECO,1849,URBANO(A)
SAN SALVADOR EL SECO,1850,MIXTO(A)
SAN SALVADOR EL SECO,1851,URBANO(A)
SAN SALVADOR EL SECO,1852,URBANO(A)
SAN SALVADOR EL SECO,1853,MIXTO(A)
SAN SALVADOR EL SECO,1854,URBANO(A)
SAN SALVADOR EL SECO,1855,MIXTO(A)
SAN SALVADOR EL SECO,1856,URBANO(A)
SAN SALVADOR EL SECO,1857,RURAL
TEPEYAHUALCO,2109,MIXTO(A)
TEPEYAHUALCO,2110,RURAL
TEPEYAHUALCO,2111,RURAL
TEPEYAHUALCO,2112,MIXTO(A)
TEPEYAHUALCO,2113,RURAL
TEPEYAHUALCO,2114,RURAL
TEPEYAHUALCO,2115,RURAL
TLACHICHUCA,2219,MIXTO(A)
TLACHICHUCA,2220,URBANO(A)
TLACHICHUCA,2221,MIXTO(A)
TLACHICHUCA,2222,URBANO(A)
TLACHICHUCA,2223,URBANO(A)
TLACHICHUCA,2224,RURAL
TLACHICHUCA,2225,MIXTO(A)
TLACHICHUCA,2226,RURAL
TLACHICHUCA,2227,RURAL
TLACHICHUCA,2228,RURAL
TLACHICHUCA,2229,RURAL
TLACHICHUCA,2230,RURAL
TLACHICHUCA,2231,RURAL
TLACHICHUCA,2232,RURAL
XIUTETELCO,2393,URBANO(A)
XIUTETELCO,2394,URBANO(A)
XIUTETELCO,2395,RURAL
XIUTETELCO,2396,RURAL
XIUTETELCO,2397,RURAL
XIUTETELCO,2398,RURAL
XIUTETELCO,2399,MIXTO(A)
XIUTETELCO,2400,RURAL
XIUTETELCO,2401,MIXTO(A)
XIUTETELCO,2402,MIXTO(A)
XIUTETELCO,2403,RURAL
XIUTETELCO,2404,RURAL
XIUTETELCO,2749,RURAL
XIUTETELCO,2750,URBANO(A)
XIUTETELCO,2751,RURAL
CUAUTLANCINGO,2549,URBANO(A)
PUEBLA,938,URBANO(A)
PUEBLA,939,URBANO(A)
PUEBLA,940,URBANO(A)
PUEBLA,941,URBANO(A)
PUEBLA,942,URBANO(A)
PUEBLA,943,URBANO(A)
PUEBLA,944,URBANO(A)
PUEBLA,945,URBANO(A)
PUEBLA,946,URBANO(A)
PUEBLA,947,URBANO(A)
PUEBLA,948,URBANO(A)
PUEBLA,949,URBANO(A)
PUEBLA,950,URBANO(A)
PUEBLA,951,URBANO(A)
PUEBLA,952,URBANO(A)
PUEBLA,953,URBANO(A)
PUEBLA,954,URBANO(A)
PUEBLA,955,URBANO(A)
PUEBLA,956,URBANO(A)
PUEBLA,957,URBANO(A)
PUEBLA,958,URBANO(A)
PUEBLA,959,URBANO(A)
PUEBLA,960,URBANO(A)
PUEBLA,961,URBANO(A)
PUEBLA,962,URBANO(A)
PUEBLA,963,URBANO(A)
PUEBLA,964,URBANO(A)
PUEBLA,972,URBANO(A)
PUEBLA,973,URBANO(A)
PUEBLA,974,URBANO(A)
PUEBLA,975,URBANO(A)
PUEBLA,976,URBANO(A)
PUEBLA,977,URBANO(A)
PUEBLA,978,URBANO(A)
PUEBLA,979,URBANO(A)
PUEBLA,980,URBANO(A)
PUEBLA,981,URBANO(A)
PUEBLA,982,URBANO(A)
PUEBLA,983,URBANO(A)
PUEBLA,984,URBANO(A)
PUEBLA,985,URBANO(A)
PUEBLA,986,URBANO(A)
PUEBLA,993,URBANO(A)
PUEBLA,994,URBANO(A)
PUEBLA,995,URBANO(A)
PUEBLA,996,URBANO(A)
PUEBLA,997,URBANO(A)
PUEBLA,998,URBANO(A)
PUEBLA,999,URBANO(A)
PUEBLA,1000,URBANO(A)
PUEBLA,1001,URBANO(A)
PUEBLA,1002,URBANO(A)
PUEBLA,1003,URBANO(A)
PUEBLA,1004,URBANO(A)
PUEBLA,1005,URBANO(A)
PUEBLA,1006,URBANO(A)
PUEBLA,1007,URBANO(A)
PUEBLA,1008,URBANO(A)
PUEBLA,1009,URBANO(A)
PUEBLA,1010,URBANO(A)
PUEBLA,1011,URBANO(A)
PUEBLA,1012,URBANO(A)
PUEBLA,1013,URBANO(A)
PUEBLA,1014,URBANO(A)
PUEBLA,1015,URBANO(A)
PUEBLA,1016,URBANO(A)
PUEBLA,1017,URBANO(A)
PUEBLA,1018,URBANO(A)
PUEBLA,1019,URBANO(A)
PUEBLA,1020,URBANO(A)
PUEBLA,1024,URBANO(A)
PUEBLA,1025,URBANO(A)
PUEBLA,1026,URBANO(A)
PUEBLA,1027,URBANO(A)
PUEBLA,1028,URBANO(A)
PUEBLA,1029,URBANO(A)
PUEBLA,1030,URBANO(A)
PUEBLA,1031,URBANO(A)
PUEBLA,1032,URBANO(A)
PUEBLA,1033,URBANO(A)
PUEBLA,1034,URBANO(A)
PUEBLA,1035,URBANO(A)
PUEBLA,1036,URBANO(A)
PUEBLA,1037,URBANO(A)
PUEBLA,1038,URBANO(A)
PUEBLA,1039,URBANO(A)
PUEBLA,1040,URBANO(A)
PUEBLA,1041,URBANO(A)
PUEBLA,1042,URBANO(A)
PUEBLA,1043,URBANO(A)
PUEBLA,1044,URBANO(A)
PUEBLA,1045,URBANO(A)
PUEBLA,1046,URBANO(A)
PUEBLA,1047,URBANO(A)
PUEBLA,1048,URBANO(A)
PUEBLA,1049,URBANO(A)
PUEBLA,1050,URBANO(A)
PUEBLA,1051,URBANO(A)
PUEBLA,1052,URBANO(A)
PUEBLA,1053,URBANO(A)
PUEBLA,1054,URBANO(A)
PUEBLA,1055,URBANO(A)
PUEBLA,1056,URBANO(A)
PUEBLA,1057,URBANO(A)
PUEBLA,1058,URBANO(A)
PUEBLA,1059,URBANO(A)
PUEBLA,1060,URBANO(A)
PUEBLA,1061,URBANO(A)
PUEBLA,1062,URBANO(A)
PUEBLA,1063,URBANO(A)
PUEBLA,1064,URBANO(A)
PUEBLA,1065,URBANO(A)
PUEBLA,1066,URBANO(A)
PUEBLA,1067,URBANO(A)
PUEBLA,1068,URBANO(A)
PUEBLA,1069,URBANO(A)
PUEBLA,1070,URBANO(A)
PUEBLA,1071,URBANO(A)
PUEBLA,1072,URBANO(A)
PUEBLA,1073,URBANO(A)
PUEBLA,1074,URBANO(A)
PUEBLA,1075,URBANO(A)
PUEBLA,1076,URBANO(A)
PUEBLA,1077,URBANO(A)
PUEBLA,1078,URBANO(A)
PUEBLA,1079,URBANO(A)
PUEBLA,1085,URBANO(A)
PUEBLA,1086,URBANO(A)
PUEBLA,1087,URBANO(A)
PUEBLA,1088,URBANO(A)
PUEBLA,1089,URBANO(A)
PUEBLA,1090,URBANO(A)
PUEBLA,1091,URBANO(A)
PUEBLA,1092,URBANO(A)
PUEBLA,1093,URBANO(A)
PUEBLA,1094,URBANO(A)
PUEBLA,1095,URBANO(A)
PUEBLA,1096,URBANO(A)
PUEBLA,1097,URBANO(A)
PUEBLA,1098,URBANO(A)
PUEBLA,1099,URBANO(A)
PUEBLA,1100,URBANO(A)
PUEBLA,1101,URBANO(A)
PUEBLA,1102,URBANO(A)
PUEBLA,1103,URBANO(A)
PUEBLA,1104,URBANO(A)
PUEBLA,1105,URBANO(A)
PUEBLA,1120,URBANO(A)
PUEBLA,1121,URBANO(A)
PUEBLA,1122,URBANO(A)
PUEBLA,1123,URBANO(A)
PUEBLA,1124,URBANO(A)
PUEBLA,1125,URBANO(A)
PUEBLA,1126,URBANO(A)
PUEBLA,1127,URBANO(A)
PUEBLA,1128,URBANO(A)
PUEBLA,1129,URBANO(A)
PUEBLA,1130,URBANO(A)
PUEBLA,1131,URBANO(A)
PUEBLA,1132,URBANO(A)
PUEBLA,1133,URBANO(A)
PUEBLA,1134,URBANO(A)
PUEBLA,1135,URBANO(A)
PUEBLA,1136,URBANO(A)
PUEBLA,1137,URBANO(A)
PUEBLA,1148,URBANO(A)
PUEBLA,1149,URBANO(A)
PUEBLA,1150,URBANO(A)
PUEBLA,1151,URBANO(A)
PUEBLA,1152,URBANO(A)
PUEBLA,1153,URBANO(A)
PUEBLA,1154,URBANO(A)
PUEBLA,1155,URBANO(A)
PUEBLA,1156,URBANO(A)
PUEBLA,1157,URBANO(A)
PUEBLA,1158,URBANO(A)
PUEBLA,1310,URBANO(A)
PUEBLA,1328,URBANO(A)
PUEBLA,1329,URBANO(A)
PUEBLA,1330,URBANO(A)
PUEBLA,1348,URBANO(A)
PUEBLA,1349,URBANO(A)
PUEBLA,1350,URBANO(A)
PUEBLA,1351,URBANO(A)
PUEBLA,1365,URBANO(A)
PUEBLA,1366,URBANO(A)
PUEBLA,1367,URBANO(A)
PUEBLA,1368,URBANO(A)
PUEBLA,1369,URBANO(A)
PUEBLA,1378,URBANO(A)
PUEBLA,1379,URBANO(A)
PUEBLA,1380,URBANO(A)
PUEBLA,1392,URBANO(A)
PUEBLA,1393,URBANO(A)
PUEBLA,1394,URBANO(A)
PUEBLA,1395,URBANO(A)
PUEBLA,1406,URBANO(A)
PUEBLA,2625,URBANO(A)
PUEBLA,2663,URBANO(A)
CORONANGO,282,URBANO(A)
CORONANGO,283,URBANO(A)
CORONANGO,284,URBANO(A)
CORONANGO,285,URBANO(A)
CORONANGO,286,URBANO(A)
CORONANGO,287,URBANO(A)
CORONANGO,288,URBANO(A)
CORONANGO,289,URBANO(A)
CORONANGO,290,URBANO(A)
CORONANGO,291,URBANO(A)
CORONANGO,292,URBANO(A)
CORONANGO,293,URBANO(A)
CORONANGO,2752,URBANO(A)
CUAUTLANCINGO,325,URBANO(A)
CUAUTLANCINGO,326,URBANO(A)
CUAUTLANCINGO,327,URBANO(A)
CUAUTLANCINGO,328,URBANO(A)
CUAUTLANCINGO,329,URBANO(A)
CUAUTLANCINGO,330,URBANO(A)
CUAUTLANCINGO,331,URBANO(A)
CUAUTLANCINGO,332,URBANO(A)
CUAUTLANCINGO,333,URBANO(A)
CUAUTLANCINGO,334,URBANO(A)
CUAUTLANCINGO,335,URBANO(A)
CUAUTLANCINGO,336,URBANO(A)
CUAUTLANCINGO,337,URBANO(A)
CUAUTLANCINGO,338,URBANO(A)
CUAUTLANCINGO,339,URBANO(A)
JUAN C. BONILLA,786,URBANO(A)
JUAN C. BONILLA,787,URBANO(A)
JUAN C. BONILLA,788,URBANO(A)
JUAN C. BONILLA,789,URBANO(A)
JUAN C. BONILLA,790,URBANO(A)
JUAN C. BONILLA,791,URBANO(A)
SAN ANDRES CHOLULA,1651,URBANO(A)
SAN ANDRES CHOLULA,1652,URBANO(A)
SAN ANDRES CHOLULA,1653,URBANO(A)
SAN ANDRES CHOLULA,1654,URBANO(A)
SAN ANDRES CHOLULA,1655,URBANO(A)
SAN ANDRES CHOLULA,1656,URBANO(A)
SAN ANDRES CHOLULA,1657,URBANO(A)
SAN ANDRES CHOLULA,1658,URBANO(A)
SAN ANDRES CHOLULA,1659,URBANO(A)
SAN ANDRES CHOLULA,1660,URBANO(A)
SAN ANDRES CHOLULA,1661,URBANO(A)
SAN ANDRES CHOLULA,1662,URBANO(A)
SAN ANDRES CHOLULA,1663,URBANO(A)
SAN ANDRES CHOLULA,1665,URBANO(A)
SAN ANDRES CHOLULA,1666,URBANO(A)
SAN ANDRES CHOLULA,1667,URBANO(A)
SAN ANDRES CHOLULA,1668,URBANO(A)
SAN ANDRES CHOLULA,1669,URBANO(A)
SAN ANDRES CHOLULA,1670,URBANO(A)
SAN ANDRES CHOLULA,1671,URBANO(A)
SAN ANDRES CHOLULA,2633,URBANO(A)
SAN ANDRES CHOLULA,2634,URBANO(A)
SAN ANDRES CHOLULA,2635,URBANO(A)
SAN ANDRES CHOLULA,2636,URBANO(A)
SAN ANDRES CHOLULA,2637,URBANO(A)
SAN ANDRES CHOLULA,2638,URBANO(A)
SAN ANDRES CHOLULA,2639,URBANO(A)
SAN ANDRES CHOLULA,2640,URBANO(A)
SAN ANDRES CHOLULA,2641,URBANO(A)
SAN ANDRES CHOLULA,2642,URBANO(A)
SAN ANDRES CHOLULA,2644,URBANO(A)
SAN ANDRES CHOLULA,2645,URBANO(A)
SAN ANDRES CHOLULA,2646,URBANO(A)
SAN ANDRES CHOLULA,2647,URBANO(A)
SAN ANDRES CHOLULA,2659,URBANO(A)
SAN ANDRES CHOLULA,2660,URBANO(A)
SAN ANDRES CHOLULA,2661,URBANO(A)
SAN ANDRES CHOLULA,2662,URBANO(A)
SAN ANDRES CHOLULA,2753,URBANO(A)
SAN GREGORIO ATZOMPA,1691,URBANO(A)
SAN GREGORIO ATZOMPA,1692,URBANO(A)
SAN GREGORIO ATZOMPA,1693,URBANO(A)
SAN GREGORIO ATZOMPA,1694,URBANO(A)
SAN JERONIMO TECUANIPAN,1695,URBANO(A)
SAN JERONIMO TECUANIPAN,1696,RURAL
SAN JERONIMO TECUANIPAN,1697,URBANO(A)
SAN PEDRO CHOLULA,1800,URBANO(A)
SAN PEDRO CHOLULA,1801,URBANO(A)
SAN PEDRO CHOLULA,1802,URBANO(A)
SAN PEDRO CHOLULA,1803,URBANO(A)
SAN PEDRO CHOLULA,1804,URBANO(A)
SAN PEDRO CHOLULA,1805,URBANO(A)
SAN PEDRO CHOLULA,1806,URBANO(A)
SAN PEDRO CHOLULA,1807,URBANO(A)
SAN PEDRO CHOLULA,1808,URBANO(A)
SAN PEDRO CHOLULA,1809,URBANO(A)
SAN PEDRO CHOLULA,1810,URBANO(A)
SAN PEDRO CHOLULA,1811,URBANO(A)
SAN PEDRO CHOLULA,1812,URBANO(A)
SAN PEDRO CHOLULA,1813,URBANO(A)
SAN PEDRO CHOLULA,1814,URBANO(A)
SAN PEDRO CHOLULA,1815,URBANO(A)
SAN PEDRO CHOLULA,1816,URBANO(A)
SAN PEDRO CHOLULA,1817,URBANO(A)
SAN PEDRO CHOLULA,1818,URBANO(A)
SAN PEDRO CHOLULA,1819,URBANO(A)
SAN PEDRO CHOLULA,1820,URBANO(A)
SAN PEDRO CHOLULA,1821,URBANO(A)
SAN PEDRO CHOLULA,1822,URBANO(A)
SAN PEDRO CHOLULA,1823,URBANO(A)
SAN PEDRO CHOLULA,1824,URBANO(A)
SAN PEDRO CHOLULA,1825,URBANO(A)
SAN PEDRO CHOLULA,1826,URBANO(A)
SAN PEDRO CHOLULA,1827,URBANO(A)
SAN PEDRO CHOLULA,1828,URBANO(A)
SAN PEDRO CHOLULA,1829,URBANO(A)
SAN PEDRO CHOLULA,1830,URBANO(A)
SAN PEDRO CHOLULA,1831,URBANO(A)
SAN PEDRO CHOLULA,1832,URBANO(A)
SAN PEDRO CHOLULA,1833,URBANO(A)
SAN PEDRO CHOLULA,1834,URBANO(A)
SAN PEDRO CHOLULA,1835,URBANO(A)
SAN PEDRO CHOLULA,1836,URBANO(A)
SAN PEDRO CHOLULA,1837,URBANO(A)
SAN PEDRO CHOLULA,1838,URBANO(A)
SAN PEDRO CHOLULA,1839,URBANO(A)
SAN PEDRO CHOLULA,1840,URBANO(A)
SAN PEDRO CHOLULA,1841,URBANO(A)
SAN PEDRO CHOLULA,1842,URBANO(A)
SAN PEDRO CHOLULA,1843,URBANO(A)
SAN PEDRO CHOLULA,1844,URBANO(A)
SAN PEDRO CHOLULA,1845,URBANO(A)
PUEBLA,1212,URBANO(A)
PUEBLA,1213,URBANO(A)
PUEBLA,1214,URBANO(A)
PUEBLA,1215,URBANO(A)
PUEBLA,1221,URBANO(A)
PUEBLA,1229,URBANO(A)
PUEBLA,1230,URBANO(A)
PUEBLA,1231,URBANO(A)
PUEBLA,1232,URBANO(A)
PUEBLA,1233,URBANO(A)
PUEBLA,1235,URBANO(A)
PUEBLA,1236,URBANO(A)
PUEBLA,1237,URBANO(A)
PUEBLA,1238,URBANO(A)
PUEBLA,1239,URBANO(A)
PUEBLA,1240,URBANO(A)
PUEBLA,1241,URBANO(A)
PUEBLA,1242,URBANO(A)
PUEBLA,1243,URBANO(A)
PUEBLA,1244,URBANO(A)
PUEBLA,1245,URBANO(A)
PUEBLA,1246,URBANO(A)
PUEBLA,1248,URBANO(A)
PUEBLA,1249,URBANO(A)
PUEBLA,1251,URBANO(A)
PUEBLA,1252,URBANO(A)
PUEBLA,1254,URBANO(A)
PUEBLA,1255,MIXTO(A)
PUEBLA,1256,RURAL
PUEBLA,1257,MIXTO(A)
PUEBLA,1258,URBANO(A)
PUEBLA,1259,MIXTO(A)
PUEBLA,1492,URBANO(A)
PUEBLA,1524,URBANO(A)
PUEBLA,1536,URBANO(A)
PUEBLA,1552,URBANO(A)
PUEBLA,1554,URBANO(A)
PUEBLA,1558,URBANO(A)
PUEBLA,1559,URBANO(A)
PUEBLA,1561,URBANO(A)
PUEBLA,1562,URBANO(A)
PUEBLA,1563,URBANO(A)
PUEBLA,1564,URBANO(A)
PUEBLA,1565,URBANO(A)
PUEBLA,1566,URBANO(A)
PUEBLA,1567,URBANO(A)
PUEBLA,1582,URBANO(A)
PUEBLA,1589,URBANO(A)
PUEBLA,1590,URBANO(A)
PUEBLA,1591,URBANO(A)
PUEBLA,1592,URBANO(A)
PUEBLA,1593,URBANO(A)
PUEBLA,1594,URBANO(A)
PUEBLA,1598,URBANO(A)
PUEBLA,1599,URBANO(A)
PUEBLA,1600,URBANO(A)
PUEBLA,1602,RURAL
PUEBLA,1603,URBANO(A)
PUEBLA,1604,URBANO(A)
PUEBLA,1605,URBANO(A)
PUEBLA,1606,URBANO(A)
PUEBLA,1607,URBANO(A)
PUEBLA,1608,URBANO(A)
PUEBLA,1609,URBANO(A)
PUEBLA,2551,URBANO(A)
PUEBLA,2552,URBANO(A)
PUEBLA,2553,URBANO(A)
PUEBLA,2554,URBANO(A)
PUEBLA,2555,URBANO(A)
PUEBLA,2556,URBANO(A)
PUEBLA,2557,URBANO(A)
PUEBLA,2558,URBANO(A)
PUEBLA,2559,URBANO(A)
PUEBLA,2560,URBANO(A)
PUEBLA,2561,URBANO(A)
PUEBLA,2562,URBANO(A)
PUEBLA,2563,URBANO(A)
PUEBLA,2564,URBANO(A)
PUEBLA,2565,URBANO(A)
PUEBLA,2566,URBANO(A)
PUEBLA,2567,URBANO(A)
PUEBLA,2568,URBANO(A)
PUEBLA,2569,URBANO(A)
PUEBLA,2570,URBANO(A)
PUEBLA,2571,URBANO(A)
PUEBLA,2572,URBANO(A)
PUEBLA,2573,URBANO(A)
PUEBLA,2574,URBANO(A)
PUEBLA,2575,URBANO(A)
PUEBLA,2576,URBANO(A)
PUEBLA,2577,URBANO(A)
PUEBLA,2578,URBANO(A)
PUEBLA,2579,URBANO(A)
PUEBLA,2580,URBANO(A)
PUEBLA,2581,URBANO(A)
PUEBLA,2582,URBANO(A)
PUEBLA,2583,URBANO(A)
PUEBLA,2584,URBANO(A)
PUEBLA,2585,URBANO(A)
PUEBLA,2586,URBANO(A)
PUEBLA,2587,URBANO(A)
PUEBLA,2588,URBANO(A)
PUEBLA,2589,URBANO(A)
PUEBLA,2590,URBANO(A)
PUEBLA,2591,URBANO(A)
PUEBLA,2592,URBANO(A)
PUEBLA,2593,URBANO(A)
PUEBLA,2594,URBANO(A)
PUEBLA,2595,URBANO(A)
PUEBLA,2596,URBANO(A)
PUEBLA,2597,URBANO(A)
PUEBLA,2598,URBANO(A)
PUEBLA,2599,URBANO(A)
PUEBLA,2600,URBANO(A)
PUEBLA,2601,URBANO(A)
PUEBLA,2602,URBANO(A)
PUEBLA,2603,URBANO(A)
PUEBLA,2604,URBANO(A)
PUEBLA,2605,URBANO(A)
PUEBLA,2606,URBANO(A)
PUEBLA,2607,URBANO(A)
PUEBLA,2608,URBANO(A)
PUEBLA,2609,URBANO(A)
PUEBLA,2610,URBANO(A)
PUEBLA,2611,URBANO(A)
PUEBLA,2612,URBANO(A)
PUEBLA,2613,URBANO(A)
PUEBLA,2614,URBANO(A)
PUEBLA,2615,URBANO(A)
PUEBLA,2616,URBANO(A)
PUEBLA,2617,URBANO(A)
PUEBLA,2618,URBANO(A)
PUEBLA,2619,URBANO(A)
PUEBLA,2620,URBANO(A)
PUEBLA,2621,URBANO(A)
PUEBLA,2648,URBANO(A)
PUEBLA,2649,URBANO(A)
PUEBLA,2650,URBANO(A)
PUEBLA,2651,URBANO(A)
PUEBLA,2652,URBANO(A)
PUEBLA,2653,URBANO(A)
PUEBLA,2654,URBANO(A)
PUEBLA,2655,URBANO(A)
PUEBLA,2656,URBANO(A)
PUEBLA,2657,URBANO(A)
PUEBLA,2658,URBANO(A)
PUEBLA,2664,URBANO(A)
PUEBLA,2665,URBANO(A)
PUEBLA,2666,URBANO(A)
PUEBLA,2667,URBANO(A)
PUEBLA,2668,URBANO(A)
PUEBLA,2669,URBANO(A)
PUEBLA,2670,URBANO(A)
PUEBLA,2671,URBANO(A)
PUEBLA,2698,RURAL
PUEBLA,2699,RURAL
PUEBLA,2700,RURAL
PUEBLA,2754,RURAL
PUEBLA,933,URBANO(A)
PUEBLA,934,URBANO(A)
PUEBLA,935,URBANO(A)
PUEBLA,936,URBANO(A)
PUEBLA,937,URBANO(A)
PUEBLA,965,URBANO(A)
PUEBLA,966,URBANO(A)
PUEBLA,967,URBANO(A)
PUEBLA,968,URBANO(A)
PUEBLA,969,URBANO(A)
PUEBLA,970,URBANO(A)
PUEBLA,971,URBANO(A)
PUEBLA,987,URBANO(A)
PUEBLA,988,URBANO(A)
PUEBLA,989,URBANO(A)
PUEBLA,990,URBANO(A)
PUEBLA,991,URBANO(A)
PUEBLA,992,URBANO(A)
PUEBLA,1021,URBANO(A)
PUEBLA,1022,URBANO(A)
PUEBLA,1023,URBANO(A)
PUEBLA,1080,URBANO(A)
PUEBLA,1081,URBANO(A)
PUEBLA,1082,URBANO(A)
PUEBLA,1083,URBANO(A)
PUEBLA,1084,URBANO(A)
PUEBLA,1106,URBANO(A)
PUEBLA,1107,URBANO(A)
PUEBLA,1108,URBANO(A)
PUEBLA,1109,URBANO(A)
PUEBLA,1110,URBANO(A)
PUEBLA,1111,URBANO(A)
PUEBLA,1112,URBANO(A)
PUEBLA,1113,URBANO(A)
PUEBLA,1114,URBANO(A)
PUEBLA,1115,URBANO(A)
PUEBLA,1116,URBANO(A)
PUEBLA,1117,URBANO(A)
PUEBLA,1118,URBANO(A)
PUEBLA,1119,URBANO(A)
PUEBLA,1138,URBANO(A)
PUEBLA,1139,URBANO(A)
PUEBLA,1140,URBANO(A)
PUEBLA,1141,URBANO(A)
PUEBLA,1142,URBANO(A)
PUEBLA,1143,URBANO(A)
PUEBLA,1144,URBANO(A)
PUEBLA,1145,URBANO(A)
PUEBLA,1146,URBANO(A)
PUEBLA,1147,URBANO(A)
PUEBLA,1159,URBANO(A)
PUEBLA,1160,URBANO(A)
PUEBLA,1161,URBANO(A)
PUEBLA,1162,URBANO(A)
PUEBLA,1163,URBANO(A)
PUEBLA,1164,URBANO(A)
PUEBLA,1165,URBANO(A)
PUEBLA,1166,URBANO(A)
PUEBLA,1167,URBANO(A)
PUEBLA,1168,URBANO(A)
PUEBLA,1169,URBANO(A)
PUEBLA,1170,URBANO(A)
PUEBLA,1171,URBANO(A)
PUEBLA,1172,URBANO(A)
PUEBLA,1173,URBANO(A)
PUEBLA,1174,URBANO(A)
PUEBLA,1175,URBANO(A)
PUEBLA,1176,URBANO(A)
PUEBLA,1177,URBANO(A)
PUEBLA,1178,URBANO(A)
PUEBLA,1179,URBANO(A)
PUEBLA,1180,URBANO(A)
PUEBLA,1181,URBANO(A)
PUEBLA,1182,URBANO(A)
PUEBLA,1183,URBANO(A)
PUEBLA,1184,URBANO(A)
PUEBLA,1185,URBANO(A)
PUEBLA,1186,URBANO(A)
PUEBLA,1187,URBANO(A)
PUEBLA,1188,URBANO(A)
PUEBLA,1189,URBANO(A)
PUEBLA,1190,URBANO(A)
PUEBLA,1191,URBANO(A)
PUEBLA,1192,URBANO(A)
PUEBLA,1193,URBANO(A)
PUEBLA,1194,URBANO(A)
PUEBLA,1195,URBANO(A)
PUEBLA,1196,URBANO(A)
PUEBLA,1197,URBANO(A)
PUEBLA,1198,URBANO(A)
PUEBLA,1199,URBANO(A)
PUEBLA,1200,URBANO(A)
PUEBLA,1201,URBANO(A)
PUEBLA,1202,URBANO(A)
PUEBLA,1203,URBANO(A)
PUEBLA,1204,URBANO(A)
PUEBLA,1205,URBANO(A)
PUEBLA,1206,URBANO(A)
PUEBLA,1207,URBANO(A)
PUEBLA,1208,URBANO(A)
PUEBLA,1209,URBANO(A)
PUEBLA,1210,URBANO(A)
PUEBLA,1211,URBANO(A)
PUEBLA,1216,URBANO(A)
PUEBLA,1217,URBANO(A)
PUEBLA,1218,URBANO(A)
PUEBLA,1219,URBANO(A)
PUEBLA,1220,URBANO(A)
PUEBLA,1222,URBANO(A)
PUEBLA,1223,URBANO(A)
PUEBLA,1224,URBANO(A)
PUEBLA,1225,URBANO(A)
PUEBLA,1226,URBANO(A)
PUEBLA,1227,URBANO(A)
PUEBLA,1228,URBANO(A)
PUEBLA,1261,URBANO(A)
PUEBLA,1262,URBANO(A)
PUEBLA,1263,URBANO(A)
PUEBLA,1264,URBANO(A)
PUEBLA,1265,URBANO(A)
PUEBLA,1267,URBANO(A)
PUEBLA,1268,URBANO(A)
PUEBLA,1269,URBANO(A)
PUEBLA,1270,URBANO(A)
PUEBLA,1271,URBANO(A)
PUEBLA,1272,URBANO(A)
PUEBLA,1273,URBANO(A)
PUEBLA,1274,URBANO(A)
PUEBLA,1275,URBANO(A)
PUEBLA,1276,URBANO(A)
PUEBLA,1277,URBANO(A)
PUEBLA,1278,URBANO(A)
PUEBLA,1279,URBANO(A)
PUEBLA,1280,URBANO(A)
PUEBLA,1281,URBANO(A)
PUEBLA,1282,URBANO(A)
PUEBLA,1283,URBANO(A)
PUEBLA,1284,URBANO(A)
PUEBLA,1285,URBANO(A)
PUEBLA,1286,URBANO(A)
PUEBLA,1287,URBANO(A)
PUEBLA,1288,URBANO(A)
PUEBLA,1289,URBANO(A)
PUEBLA,1290,URBANO(A)
PUEBLA,1291,URBANO(A)
PUEBLA,1292,URBANO(A)
PUEBLA,1293,URBANO(A)
PUEBLA,1294,URBANO(A)
PUEBLA,1295,URBANO(A)
PUEBLA,1296,URBANO(A)
PUEBLA,1297,URBANO(A)
PUEBLA,1298,URBANO(A)
PUEBLA,1299,URBANO(A)
PUEBLA,1300,URBANO(A)
PUEBLA,1301,URBANO(A)
PUEBLA,1305,URBANO(A)
PUEBLA,1306,URBANO(A)
PUEBLA,1307,URBANO(A)
PUEBLA,1308,URBANO(A)
PUEBLA,1309,URBANO(A)
PUEBLA,1311,URBANO(A)
PUEBLA,1312,URBANO(A)
PUEBLA,1313,URBANO(A)
PUEBLA,1314,URBANO(A)
PUEBLA,1315,URBANO(A)
PUEBLA,1316,URBANO(A)
PUEBLA,1317,URBANO(A)
PUEBLA,1321,URBANO(A)
PUEBLA,1322,URBANO(A)
PUEBLA,1323,URBANO(A)
PUEBLA,1324,URBANO(A)
PUEBLA,1325,URBANO(A)
PUEBLA,1326,URBANO(A)
PUEBLA,1423,URBANO(A)
PUEBLA,1424,URBANO(A)
PUEBLA,1425,URBANO(A)
PUEBLA,1426,URBANO(A)
PUEBLA,1427,URBANO(A)
PUEBLA,1428,URBANO(A)
PUEBLA,1429,URBANO(A)
PUEBLA,1430,URBANO(A)
PUEBLA,1431,URBANO(A)
PUEBLA,1432,URBANO(A)
PUEBLA,1433,URBANO(A)
PUEBLA,1434,URBANO(A)
PUEBLA,1435,URBANO(A)
PUEBLA,1436,URBANO(A)
PUEBLA,1437,URBANO(A)
PUEBLA,1438,URBANO(A)
PUEBLA,1439,URBANO(A)
PUEBLA,1440,URBANO(A)
PUEBLA,1441,URBANO(A)
PUEBLA,1442,URBANO(A)
PUEBLA,1443,URBANO(A)
PUEBLA,1444,URBANO(A)
PUEBLA,1445,URBANO(A)
PUEBLA,1446,URBANO(A)
PUEBLA,1447,URBANO(A)
PUEBLA,1448,URBANO(A)
PUEBLA,1449,URBANO(A)
PUEBLA,1450,URBANO(A)
PUEBLA,1451,URBANO(A)
PUEBLA,1452,URBANO(A)
PUEBLA,1453,URBANO(A)
PUEBLA,1454,URBANO(A)
PUEBLA,1455,URBANO(A)
PUEBLA,1456,URBANO(A)
PUEBLA,1457,URBANO(A)
PUEBLA,1458,URBANO(A)
PUEBLA,1459,URBANO(A)
PUEBLA,1460,URBANO(A)
PUEBLA,1461,URBANO(A)
PUEBLA,1462,URBANO(A)
PUEBLA,1463,URBANO(A)
PUEBLA,1464,URBANO(A)
PUEBLA,1465,URBANO(A)
PUEBLA,1466,URBANO(A)
PUEBLA,1467,URBANO(A)
PUEBLA,1468,URBANO(A)
PUEBLA,1469,URBANO(A)
PUEBLA,1470,URBANO(A)
PUEBLA,1471,URBANO(A)
PUEBLA,1472,URBANO(A)
PUEBLA,1473,URBANO(A)
PUEBLA,1474,URBANO(A)
PUEBLA,1475,URBANO(A)
PUEBLA,1476,URBANO(A)
PUEBLA,1477,URBANO(A)
PUEBLA,1478,URBANO(A)
PUEBLA,1479,URBANO(A)
PUEBLA,1480,URBANO(A)
PUEBLA,1481,URBANO(A)
PUEBLA,1482,URBANO(A)
PUEBLA,1483,URBANO(A)
PUEBLA,1484,URBANO(A)
PUEBLA,1485,URBANO(A)
PUEBLA,1486,URBANO(A)
PUEBLA,1487,URBANO(A)
PUEBLA,1488,URBANO(A)
PUEBLA,1489,URBANO(A)
PUEBLA,1490,URBANO(A)
PUEBLA,1494,URBANO(A)
PUEBLA,1495,URBANO(A)
PUEBLA,1496,URBANO(A)
PUEBLA,1497,URBANO(A)
PUEBLA,1498,URBANO(A)
PUEBLA,1499,URBANO(A)
PUEBLA,1500,URBANO(A)
PUEBLA,1501,URBANO(A)
PUEBLA,1502,URBANO(A)
PUEBLA,1503,URBANO(A)
PUEBLA,1504,URBANO(A)
PUEBLA,1505,URBANO(A)
PUEBLA,1506,URBANO(A)
PUEBLA,1507,URBANO(A)
PUEBLA,1508,URBANO(A)
PUEBLA,1509,URBANO(A)
PUEBLA,1510,URBANO(A)
PUEBLA,1511,URBANO(A)
PUEBLA,1512,URBANO(A)
PUEBLA,1513,URBANO(A)
PUEBLA,1514,URBANO(A)
PUEBLA,1515,URBANO(A)
PUEBLA,1516,URBANO(A)
PUEBLA,1517,URBANO(A)
PUEBLA,1518,URBANO(A)
PUEBLA,1519,URBANO(A)
PUEBLA,1520,URBANO(A)
PUEBLA,1521,URBANO(A)
PUEBLA,1522,URBANO(A)
PUEBLA,1523,URBANO(A)
PUEBLA,1525,URBANO(A)
PUEBLA,1526,URBANO(A)
PUEBLA,1527,URBANO(A)
PUEBLA,1528,URBANO(A)
PUEBLA,1529,URBANO(A)
PUEBLA,1530,URBANO(A)
PUEBLA,1531,URBANO(A)
PUEBLA,1532,URBANO(A)
PUEBLA,1533,URBANO(A)
PUEBLA,1534,URBANO(A)
PUEBLA,1535,URBANO(A)
PUEBLA,1537,URBANO(A)
PUEBLA,1538,URBANO(A)
PUEBLA,1539,URBANO(A)
PUEBLA,1540,URBANO(A)
PUEBLA,1553,URBANO(A)
PUEBLA,1555,URBANO(A)
PUEBLA,1556,URBANO(A)
PUEBLA,1557,URBANO(A)
PUEBLA,2643,URBANO(A)
PUEBLA,2755,URBANO(A)
PUEBLA,2756,URBANO(A)
ACTEOPAN,61,URBANO(A)
ACTEOPAN,62,URBANO(A)
ACTEOPAN,63,RURAL
ATLIXCO,154,URBANO(A)
ATLIXCO,155,URBANO(A)
ATLIXCO,156,URBANO(A)
ATLIXCO,157,URBANO(A)
ATLIXCO,158,MIXTO(A)
ATLIXCO,159,MIXTO(A)
ATLIXCO,160,URBANO(A)
ATLIXCO,161,URBANO(A)
ATLIXCO,162,URBANO(A)
ATLIXCO,163,URBANO(A)
ATLIXCO,164,URBANO(A)
ATLIXCO,165,URBANO(A)
ATLIXCO,166,URBANO(A)
ATLIXCO,167,URBANO(A)
ATLIXCO,168,URBANO(A)
ATLIXCO,169,URBANO(A)
ATLIXCO,170,URBANO(A)
ATLIXCO,171,URBANO(A)
ATLIXCO,172,URBANO(A)
ATLIXCO,173,URBANO(A)
ATLIXCO,174,MIXTO(A)
ATLIXCO,175,URBANO(A)
ATLIXCO,176,URBANO(A)
ATLIXCO,177,URBANO(A)
ATLIXCO,178,URBANO(A)
ATLIXCO,179,URBANO(A)
ATLIXCO,180,URBANO(A)
ATLIXCO,181,URBANO(A)
ATLIXCO,182,URBANO(A)
ATLIXCO,183,URBANO(A)
ATLIXCO,184,URBANO(A)
ATLIXCO,185,URBANO(A)
ATLIXCO,186,URBANO(A)
ATLIXCO,187,URBANO(A)
ATLIXCO,188,URBANO(A)
ATLIXCO,189,URBANO(A)
ATLIXCO,190,URBANO(A)
ATLIXCO,191,URBANO(A)
ATLIXCO,192,URBANO(A)
ATLIXCO,193,URBANO(A)
ATLIXCO,194,URBANO(A)
ATLIXCO,195,MIXTO(A)
ATLIXCO,196,URBANO(A)
ATLIXCO,197,URBANO(A)
ATLIXCO,198,URBANO(A)
ATLIXCO,199,URBANO(A)
ATLIXCO,200,URBANO(A)
ATLIXCO,201,URBANO(A)
ATLIXCO,202,MIXTO(A)
ATLIXCO,203,MIXTO(A)
ATLIXCO,204,MIXTO(A)
ATLIXCO,205,URBANO(A)
ATLIXCO,206,URBANO(A)
ATLIXCO,207,MIXTO(A)
ATLIXCO,208,RURAL
ATLIXCO,209,RURAL
ATLIXCO,210,RURAL
ATLIXCO,211,URBANO(A)
ATLIXCO,212,MIXTO(A)
ATLIXCO,213,URBANO(A)
ATLIXCO,214,RURAL
ATLIXCO,215,RURAL
ATLIXCO,216,RURAL
ATLIXCO,217,RURAL
ATLIXCO,218,RURAL
ATLIXCO,219,RURAL
ATLIXCO,220,RURAL
ATLIXCO,221,RURAL
ATZALA,224,MIXTO(A)
ATZITZIHUACAN,225,MIXTO(A)
ATZITZIHUACAN,226,URBANO(A)
ATZITZIHUACAN,227,MIXTO(A)
ATZITZIHUACAN,228,URBANO(A)
ATZITZIHUACAN,229,MIXTO(A)
ATZITZIHUACAN,230,RURAL
ATZITZIHUACAN,231,RURAL
ATZITZIHUACAN,232,RURAL
ATZITZIHUACAN,233,RURAL
COHUECAN,279,URBANO(A)
COHUECAN,280,RURAL
COHUECAN,281,RURAL
CHIETLA,439,URBANO(A)
CHIETLA,440,URBANO(A)
CHIETLA,441,URBANO(A)
CHIETLA,442,RURAL
CHIETLA,443,RURAL
CHIETLA,444,MIXTO(A)
CHIETLA,445,URBANO(A)
CHIETLA,446,URBANO(A)
CHIETLA,447,URBANO(A)
CHIETLA,448,URBANO(A)
CHIETLA,449,URBANO(A)
CHIETLA,450,URBANO(A)
CHIETLA,451,RURAL
CHIETLA,452,URBANO(A)
CHIETLA,453,URBANO(A)
CHIETLA,454,RURAL
CHIETLA,455,RURAL
CHIETLA,456,MIXTO(A)
CHIETLA,457,RURAL
CHIETLA,458,RURAL
CHIETLA,2757,RURAL
EPATLAN,524,URBANO(A)
EPATLAN,525,RURAL
HUAQUECHULA,569,MIXTO(A)
HUAQUECHULA,570,MIXTO(A)
HUAQUECHULA,571,MIXTO(A)
HUAQUECHULA,572,URBANO(A)
HUAQUECHULA,573,MIXTO(A)
HUAQUECHULA,574,RURAL
HUAQUECHULA,575,RURAL
HUAQUECHULA,576,RURAL
HUAQUECHULA,577,RURAL
HUAQUECHULA,578,RURAL
HUAQUECHULA,579,MIXTO(A)
HUAQUECHULA,580,MIXTO(A)
HUAQUECHULA,581,RURAL
HUAQUECHULA,582,URBANO(A)
HUAQUECHULA,583,MIXTO(A)
HUAQUECHULA,584,RURAL
HUAQUECHULA,585,URBANO(A)
HUAQUECHULA,586,RURAL
HUAQUECHULA,587,RURAL
IZUCAR DE MATAMOROS,730,URBANO(A)
IZUCAR DE MATAMOROS,731,URBANO(A)
IZUCAR DE MATAMOROS,732,URBANO(A)
IZUCAR DE MATAMOROS,733,URBANO(A)
IZUCAR DE MATAMOROS,734,URBANO(A)
IZUCAR DE MATAMOROS,735,URBANO(A)
IZUCAR DE MATAMOROS,736,URBANO(A)
IZUCAR DE MATAMOROS,737,URBANO(A)
IZUCAR DE MATAMOROS,738,URBANO(A)
IZUCAR DE MATAMOROS,739,URBANO(A)
IZUCAR DE MATAMOROS,740,URBANO(A)
IZUCAR DE MATAMOROS,741,URBANO(A)
IZUCAR DE MATAMOROS,742,URBANO(A)
IZUCAR DE MATAMOROS,743,URBANO(A)
IZUCAR DE MATAMOROS,744,URBANO(A)
IZUCAR DE MATAMOROS,745,URBANO(A)
IZUCAR DE MATAMOROS,746,URBANO(A)
IZUCAR DE MATAMOROS,747,URBANO(A)
IZUCAR DE MATAMOROS,748,URBANO(A)
IZUCAR DE MATAMOROS,749,MIXTO(A)
IZUCAR DE MATAMOROS,750,RURAL
IZUCAR DE MATAMOROS,751,RURAL
IZUCAR DE MATAMOROS,752,MIXTO(A)
IZUCAR DE MATAMOROS,753,MIXTO(A)
IZUCAR DE MATAMOROS,754,MIXTO(A)
IZUCAR DE MATAMOROS,755,MIXTO(A)
IZUCAR DE MATAMOROS,756,URBANO(A)
IZUCAR DE MATAMOROS,757,MIXTO(A)
IZUCAR DE MATAMOROS,758,MIXTO(A)
IZUCAR DE MATAMOROS,759,URBANO(A)
IZUCAR DE MATAMOROS,760,RURAL
IZUCAR DE MATAMOROS,761,RURAL
IZUCAR DE MATAMOROS,762,MIXTO(A)
IZUCAR DE MATAMOROS,763,RURAL
OCOYUCAN,857,MIXTO(A)
OCOYUCAN,858,MIXTO(A)
OCOYUCAN,859,URBANO(A)
OCOYUCAN,860,RURAL
OCOYUCAN,861,URBANO(A)
OCOYUCAN,862,MIXTO(A)
OCOYUCAN,863,RURAL
OCOYUCAN,864,URBANO(A)
OCOYUCAN,865,URBANO(A)
OCOYUCAN,866,RURAL
SAN DIEGO LA MESA TOCHIMILTZINGO,1674,MIXTO(A)
SAN DIEGO LA MESA TOCHIMILTZINGO,1675,RURAL
SAN DIEGO LA MESA TOCHIMILTZINGO,1676,RURAL
SAN MARTIN TOTOLTEPEC,1774,URBANO(A)
SANTA ISABEL CHOLULA,1877,URBANO(A)
SANTA ISABEL CHOLULA,1878,URBANO(A)
SANTA ISABEL CHOLULA,1879,MIXTO(A)
SANTA ISABEL CHOLULA,1880,URBANO(A)
SANTA ISABEL CHOLULA,1881,MIXTO(A)
TEPEMAXALCO,2082,MIXTO(A)
TEPEOJUMA,2083,MIXTO(A)
TEPEOJUMA,2084,MIXTO(A)
TEPEOJUMA,2085,MIXTO(A)
TEPEOJUMA,2086,RURAL
TEPEOJUMA,2087,RURAL
TEPEOJUMA,2088,RURAL
TEPEXCO,2095,MIXTO(A)
TEPEXCO,2096,MIXTO(A)
TEPEXCO,2097,URBANO(A)
TIANGUISMANALCO,2175,URBANO(A)
TIANGUISMANALCO,2176,URBANO(A)
TIANGUISMANALCO,2177,MIXTO(A)
TIANGUISMANALCO,2178,RURAL
TIANGUISMANALCO,2179,RURAL
TIANGUISMANALCO,2180,RURAL
TILAPA,2181,MIXTO(A)
TILAPA,2182,RURAL
TILAPA,2183,RURAL
TLAPANALA,2267,MIXTO(A)
TLAPANALA,2268,MIXTO(A)
TLAPANALA,2269,MIXTO(A)
TLAPANALA,2270,RURAL
TLAPANALA,2271,RURAL
TOCHIMILCO,2299,URBANO(A)
TOCHIMILCO,2300,URBANO(A)
TOCHIMILCO,2301,URBANO(A)
TOCHIMILCO,2302,RURAL
TOCHIMILCO,2303,RURAL
TOCHIMILCO,2304,RURAL
TOCHIMILCO,2305,RURAL
TOCHIMILCO,2306,URBANO(A)
TOCHIMILCO,2307,RURAL
TOCHIMILCO,2308,RURAL
TOCHIMILCO,2309,RURAL
XOCHILTEPEC,2407,MIXTO(A)
XOCHILTEPEC,2408,RURAL
ACATLAN,28,URBANO(A)
ACATLAN,29,URBANO(A)
ACATLAN,30,URBANO(A)
ACATLAN,31,URBANO(A)
ACATLAN,32,MIXTO(A)
ACATLAN,33,URBANO(A)
ACATLAN,35,URBANO(A)
ACATLAN,36,RURAL
ACATLAN,37,RURAL
ACATLAN,38,RURAL
ACATLAN,39,RURAL
ACATLAN,40,MIXTO(A)
ACATLAN,41,RURAL
ACATLAN,42,RURAL
ACATLAN,43,RURAL
ACATLAN,44,RURAL
ACATLAN,2701,URBANO(A)
ACATLAN,2702,RURAL
AHUATLAN,71,MIXTO(A)
AHUATLAN,72,MIXTO(A)
AHUATLAN,73,RURAL
AHUATLAN,74,RURAL
AHUEHUETITLA,79,MIXTO(A)
ALBINO ZERTUCHE,102,MIXTO(A)
ATOYATEMPAN,222,MIXTO(A)
ATOYATEMPAN,223,MIXTO(A)
AXUTLA,239,MIXTO(A)
AXUTLA,240,RURAL
COATZINGO,274,URBANO(A)
COATZINGO,275,URBANO(A)
COATZINGO,276,RURAL
COHETZALA,277,MIXTO(A)
COHETZALA,278,RURAL
CUAYUCA DE ANDRADE,340,MIXTO(A)
CUAYUCA DE ANDRADE,341,RURAL
CUAYUCA DE ANDRADE,342,RURAL
CUAYUCA DE ANDRADE,343,RURAL
CHIAUTLA,398,URBANO(A)
CHIAUTLA,399,MIXTO(A)
CHIAUTLA,400,URBANO(A)
CHIAUTLA,401,MIXTO(A)
CHIAUTLA,402,URBANO(A)
CHIAUTLA,403,MIXTO(A)
CHIAUTLA,404,MIXTO(A)
CHIAUTLA,405,MIXTO(A)
CHIAUTLA,406,RURAL
CHIAUTLA,407,RURAL
CHIAUTLA,408,RURAL
CHIAUTLA,409,RURAL
CHIAUTLA,410,RURAL
CHIAUTLA,411,RURAL
CHIAUTLA,412,RURAL
CHIAUTLA,413,RURAL
CHIAUTLA,414,RURAL
CHIAUTLA,2758,RURAL
CHIGMECATITLAN,459,URBANO(A)
CHIGMECATITLAN,460,URBANO(A)
CHILA,496,MIXTO(A)
CHILA,497,MIXTO(A)
CHILA,498,RURAL
CHILA,499,RURAL
CHILA DE LA SAL,500,MIXTO(A)
CHILA DE LA SAL,501,RURAL
CHINANTLA,512,MIXTO(A)
CHINANTLA,513,RURAL
CHINANTLA,514,RURAL
GUADALUPE,551,URBANO(A)
GUADALUPE,552,RURAL
GUADALUPE,553,RURAL
GUADALUPE,554,RURAL
HUATLATLAUCA,588,MIXTO(A)
HUATLATLAUCA,589,MIXTO(A)
HUATLATLAUCA,590,RURAL
HUATLATLAUCA,591,RURAL
HUATLATLAUCA,592,RURAL
HUATLATLAUCA,593,RURAL
HUEHUETLAN EL CHICO,640,MIXTO(A)
HUEHUETLAN EL CHICO,641,MIXTO(A)
HUEHUETLAN EL CHICO,642,URBANO(A)
HUEHUETLAN EL CHICO,643,MIXTO(A)
HUEHUETLAN EL CHICO,644,RURAL
HUEHUETLAN EL CHICO,645,RURAL
HUEHUETLAN EL GRANDE,646,MIXTO(A)
HUEHUETLAN EL GRANDE,647,MIXTO(A)
HUEHUETLAN EL GRANDE,648,RURAL
HUEHUETLAN EL GRANDE,649,RURAL
HUEHUETLAN EL GRANDE,650,RURAL
HUITZILTEPEC,701,MIXTO(A)
HUITZILTEPEC,702,MIXTO(A)
HUITZILTEPEC,703,RURAL
IXCAMILPA DE GUERRERO,706,MIXTO(A)
IXCAMILPA DE GUERRERO,707,RURAL
IXCAMILPA DE GUERRERO,708,RURAL
JOLALPAN,770,MIXTO(A)
JOLALPAN,771,MIXTO(A)
JOLALPAN,772,MIXTO(A)
JOLALPAN,773,RURAL
JOLALPAN,774,RURAL
JOLALPAN,775,RURAL
LA MAGDALENA TLATLAUQUITEPEC,820,URBANO(A)
MOLCAXAC,825,MIXTO(A)
MOLCAXAC,826,RURAL
MOLCAXAC,827,RURAL
MOLCAXAC,828,RURAL
MOLCAXAC,829,RURAL
PETLALCINGO,922,MIXTO(A)
PETLALCINGO,923,MIXTO(A)
PETLALCINGO,924,RURAL
PETLALCINGO,925,RURAL
PETLALCINGO,926,RURAL
PETLALCINGO,927,RURAL
PIAXTLA,928,MIXTO(A)
PIAXTLA,929,RURAL
PIAXTLA,930,RURAL
PIAXTLA,931,RURAL
PIAXTLA,932,RURAL
SAN JERONIMO XAYACATLAN,1698,MIXTO(A)
SAN JERONIMO XAYACATLAN,1699,MIXTO(A)
SAN JERONIMO XAYACATLAN,1700,RURAL
SAN JERONIMO XAYACATLAN,1701,RURAL
SAN JUAN ATZOMPA,1719,MIXTO(A)
SAN MIGUEL IXITLAN,1784,MIXTO(A)
SAN PABLO ANICANO,1798,MIXTO(A)
SAN PABLO ANICANO,1799,RURAL
SAN PEDRO YELOIXTLAHUACA,1846,MIXTO(A)
SAN PEDRO YELOIXTLAHUACA,1847,RURAL
SAN SALVADOR HUIXCOLOTLA,1868,URBANO(A)
SAN SALVADOR HUIXCOLOTLA,1869,URBANO(A)
SAN SALVADOR HUIXCOLOTLA,1870,MIXTO(A)
SAN SALVADOR HUIXCOLOTLA,1871,URBANO(A)
SANTA CATARINA TLALTEMPAN,1872,URBANO(A)
SANTA INES AHUATEMPAN,1873,URBANO(A)
SANTA INES AHUATEMPAN,1874,URBANO(A)
SANTA INES AHUATEMPAN,1875,URBANO(A)
SANTA INES AHUATEMPAN,1876,RURAL
SANTO TOMAS HUEYOTLIPAN,1888,URBANO(A)
SANTO TOMAS HUEYOTLIPAN,1889,MIXTO(A)
SANTO TOMAS HUEYOTLIPAN,1890,RURAL
TECAMACHALCO,1906,MIXTO(A)
TECAMACHALCO,1907,URBANO(A)
TECAMACHALCO,1908,URBANO(A)
TECAMACHALCO,1909,URBANO(A)
TECAMACHALCO,1910,URBANO(A)
TECAMACHALCO,1911,MIXTO(A)
TECAMACHALCO,1912,MIXTO(A)
TECAMACHALCO,1913,MIXTO(A)
TECAMACHALCO,1914,URBANO(A)
TECAMACHALCO,1915,MIXTO(A)
TECAMACHALCO,1916,URBANO(A)
TECAMACHALCO,1917,URBANO(A)
TECAMACHALCO,1918,MIXTO(A)
TECAMACHALCO,1919,MIXTO(A)
TECAMACHALCO,1920,URBANO(A)
TECAMACHALCO,1921,MIXTO(A)
TECAMACHALCO,1922,URBANO(A)
TECAMACHALCO,1923,URBANO(A)
TECAMACHALCO,1924,URBANO(A)
TECAMACHALCO,1925,RURAL
TECAMACHALCO,1927,RURAL
TECAMACHALCO,1928,MIXTO(A)
TECAMACHALCO,2703,MIXTO(A)
TECAMACHALCO,2704,RURAL
TECOMATLAN,1929,MIXTO(A)
TECOMATLAN,1930,MIXTO(A)
TECOMATLAN,1931,RURAL
TECOMATLAN,1932,RURAL
TECOMATLAN,1933,RURAL
TEHUITZINGO,2017,MIXTO(A)
TEHUITZINGO,2018,MIXTO(A)
TEHUITZINGO,2019,URBANO(A)
TEHUITZINGO,2020,RURAL
TEHUITZINGO,2021,RURAL
TEHUITZINGO,2022,RURAL
TEHUITZINGO,2023,RURAL
TEHUITZINGO,2024,RURAL
TEHUITZINGO,2759,RURAL
TEOPANTLAN,2033,URBANO(A)
TEOPANTLAN,2034,URBANO(A)
TEOPANTLAN,2035,RURAL
TEOPANTLAN,2036,RURAL
TEOPANTLAN,2037,RURAL
TEOTLALCO,2038,MIXTO(A)
TEOTLALCO,2039,RURAL
TEOTLALCO,2040,RURAL
TEOTLALCO,2041,RURAL
TEPEXI DE RODRIGUEZ,2098,MIXTO(A)
TEPEXI DE RODRIGUEZ,2099,MIXTO(A)
TEPEXI DE RODRIGUEZ,2100,RURAL
TEPEXI DE RODRIGUEZ,2101,RURAL
TEPEXI DE RODRIGUEZ,2102,RURAL
TEPEXI DE RODRIGUEZ,2103,RURAL
TEPEXI DE RODRIGUEZ,2104,RURAL
TEPEXI DE RODRIGUEZ,2105,RURAL
TEPEXI DE RODRIGUEZ,2106,RURAL
TEPEXI DE RODRIGUEZ,2107,RURAL
TEPEXI DE RODRIGUEZ,2108,RURAL
TEPEYAHUALCO DE CUAUHTEMOC,2116,MIXTO(A)
TLANEPANTLA,2251,MIXTO(A)
TLANEPANTLA,2252,MIXTO(A)
TOCHTEPEC,2310,MIXTO(A)
TOCHTEPEC,2311,MIXTO(A)
TOCHTEPEC,2312,MIXTO(A)
TOCHTEPEC,2313,MIXTO(A)
TOCHTEPEC,2314,MIXTO(A)
TOCHTEPEC,2315,MIXTO(A)
TOCHTEPEC,2316,RURAL
TOTOLTEPEC DE GUERRERO,2317,URBANO(A)
TOTOLTEPEC DE GUERRERO,2318,RURAL
TULCINGO,2319,MIXTO(A)
TULCINGO,2320,URBANO(A)
TULCINGO,2321,MIXTO(A)
TULCINGO,2322,RURAL
TULCINGO,2323,RURAL
TULCINGO,2324,RURAL
TULCINGO,2325,RURAL
TULCINGO,2760,RURAL
TZICATLACOYAN,2329,MIXTO(A)
TZICATLACOYAN,2330,RURAL
TZICATLACOYAN,2331,RURAL
TZICATLACOYAN,2332,RURAL
XAYACATLAN DE BRAVO,2360,URBANO(A)
XAYACATLAN DE BRAVO,2361,MIXTO(A)
XICOTLAN,2391,MIXTO(A)
XICOTLAN,2392,RURAL
XOCHITLAN TODOS SANTOS,2413,MIXTO(A)
XOCHITLAN TODOS SANTOS,2414,MIXTO(A)
XOCHITLAN TODOS SANTOS,2415,RURAL
YEHUALTEPEC,2420,MIXTO(A)
YEHUALTEPEC,2421,URBANO(A)
YEHUALTEPEC,2422,MIXTO(A)
YEHUALTEPEC,2423,MIXTO(A)
YEHUALTEPEC,2424,URBANO(A)
YEHUALTEPEC,2425,MIXTO(A)
YEHUALTEPEC,2426,MIXTO(A)
YEHUALTEPEC,2427,RURAL
YEHUALTEPEC,2428,RURAL
ZACAPALA,2429,MIXTO(A)
ZACAPALA,2430,MIXTO(A)
ZACAPALA,2431,RURAL
ZACAPALA,2432,RURAL
ATEXCAL,148,MIXTO(A)
ATEXCAL,149,RURAL
ATEXCAL,150,RURAL
ATEXCAL,151,RURAL
ATEXCAL,152,RURAL
ATEXCAL,153,RURAL
COYOTEPEC,314,URBANO(A)
COYOTEPEC,315,RURAL
COYOTEPEC,316,RURAL
IXCAQUIXTLA,709,MIXTO(A)
IXCAQUIXTLA,710,MIXTO(A)
IXCAQUIXTLA,711,RURAL
JUAN N. MENDEZ,797,URBANO(A)
JUAN N. MENDEZ,798,MIXTO(A)
JUAN N. MENDEZ,799,RURAL
JUAN N. MENDEZ,800,RURAL
SANTIAGO MIAHUATLAN,1882,URBANO(A)
SANTIAGO MIAHUATLAN,1883,MIXTO(A)
SANTIAGO MIAHUATLAN,1884,MIXTO(A)
SANTIAGO MIAHUATLAN,1885,URBANO(A)
SANTIAGO MIAHUATLAN,1886,RURAL
SANTIAGO MIAHUATLAN,1887,MIXTO(A)
TEHUACAN,1934,URBANO(A)
TEHUACAN,1935,URBANO(A)
TEHUACAN,1936,URBANO(A)
TEHUACAN,1937,URBANO(A)
TEHUACAN,1938,URBANO(A)
TEHUACAN,1939,URBANO(A)
TEHUACAN,1940,URBANO(A)
TEHUACAN,1941,URBANO(A)
TEHUACAN,1942,URBANO(A)
TEHUACAN,1943,URBANO(A)
TEHUACAN,1944,URBANO(A)
TEHUACAN,1945,URBANO(A)
TEHUACAN,1946,URBANO(A)
TEHUACAN,1947,URBANO(A)
TEHUACAN,1948,URBANO(A)
TEHUACAN,1949,URBANO(A)
TEHUACAN,1950,URBANO(A)
TEHUACAN,1951,URBANO(A)
TEHUACAN,1952,URBANO(A)
TEHUACAN,1953,URBANO(A)
TEHUACAN,1954,URBANO(A)
TEHUACAN,1955,URBANO(A)
TEHUACAN,1956,URBANO(A)
TEHUACAN,1957,URBANO(A)
TEHUACAN,1958,URBANO(A)
TEHUACAN,1959,URBANO(A)
TEHUACAN,1960,URBANO(A)
TEHUACAN,1961,URBANO(A)
TEHUACAN,1962,URBANO(A)
TEHUACAN,1963,URBANO(A)
TEHUACAN,1964,URBANO(A)
TEHUACAN,1965,URBANO(A)
TEHUACAN,1966,URBANO(A)
TEHUACAN,1967,URBANO(A)
TEHUACAN,1968,URBANO(A)
TEHUACAN,1969,URBANO(A)
TEHUACAN,1970,URBANO(A)
TEHUACAN,1971,URBANO(A)
TEHUACAN,1972,URBANO(A)
TEHUACAN,1973,URBANO(A)
TEHUACAN,1974,URBANO(A)
TEHUACAN,1975,URBANO(A)
TEHUACAN,1976,URBANO(A)
TEHUACAN,1977,URBANO(A)
TEHUACAN,1978,URBANO(A)
TEHUACAN,1979,URBANO(A)
TEHUACAN,1980,URBANO(A)
TEHUACAN,1981,URBANO(A)
TEHUACAN,1982,URBANO(A)
TEHUACAN,1983,URBANO(A)
TEHUACAN,1984,URBANO(A)
TEHUACAN,1985,URBANO(A)
TEHUACAN,1986,URBANO(A)
TEHUACAN,1987,URBANO(A)
TEHUACAN,1988,URBANO(A)
TEHUACAN,1989,URBANO(A)
TEHUACAN,1990,URBANO(A)
TEHUACAN,1991,URBANO(A)
TEHUACAN,1992,URBANO(A)
TEHUACAN,1993,URBANO(A)
TEHUACAN,1994,URBANO(A)
TEHUACAN,1995,URBANO(A)
TEHUACAN,1996,URBANO(A)
TEHUACAN,1997,URBANO(A)
TEHUACAN,1998,URBANO(A)
TEHUACAN,1999,URBANO(A)
TEHUACAN,2000,URBANO(A)
TEHUACAN,2001,URBANO(A)
TEHUACAN,2002,URBANO(A)
TEHUACAN,2003,URBANO(A)
TEHUACAN,2004,URBANO(A)
TEHUACAN,2005,URBANO(A)
TEHUACAN,2006,URBANO(A)
TEHUACAN,2007,MIXTO(A)
TEHUACAN,2008,URBANO(A)
TEHUACAN,2009,MIXTO(A)
TEHUACAN,2010,RURAL
TEHUACAN,2011,MIXTO(A)
TEHUACAN,2012,URBANO(A)
TEHUACAN,2013,MIXTO(A)
TEHUACAN,2014,RURAL
TEHUACAN,2015,RURAL
TEHUACAN,2016,RURAL
TEHUACAN,2761,RURAL
TEHUACAN,2762,RURAL
TEPANCO DE LOPEZ,2042,MIXTO(A)
TEPANCO DE LOPEZ,2043,RURAL
TEPANCO DE LOPEZ,2044,URBANO(A)
TEPANCO DE LOPEZ,2045,MIXTO(A)
TEPANCO DE LOPEZ,2046,MIXTO(A)
TEPANCO DE LOPEZ,2047,URBANO(A)
TEPANCO DE LOPEZ,2048,URBANO(A)
TLACOTEPEC DE BENITO JUAREZ,2184,URBANO(A)
TLACOTEPEC DE BENITO JUAREZ,2185,URBANO(A)
TLACOTEPEC DE BENITO JUAREZ,2186,RURAL
TLACOTEPEC DE BENITO JUAREZ,2187,RURAL
TLACOTEPEC DE BENITO JUAREZ,2190,URBANO(A)
TLACOTEPEC DE BENITO JUAREZ,2191,RURAL
TLACOTEPEC DE BENITO JUAREZ,2192,RURAL
TLACOTEPEC DE BENITO JUAREZ,2193,MIXTO(A)
TLACOTEPEC DE BENITO JUAREZ,2194,RURAL
TLACOTEPEC DE BENITO JUAREZ,2195,RURAL
TLACOTEPEC DE BENITO JUAREZ,2196,RURAL
TLACOTEPEC DE BENITO JUAREZ,2197,RURAL
TLACOTEPEC DE BENITO JUAREZ,2198,RURAL
TLACOTEPEC DE BENITO JUAREZ,2199,URBANO(A)
TLACOTEPEC DE BENITO JUAREZ,2200,MIXTO(A)
TLACOTEPEC DE BENITO JUAREZ,2705,RURAL
TLACOTEPEC DE BENITO JUAREZ,2706,URBANO(A)
TLACOTEPEC DE BENITO JUAREZ,2707,RURAL
TLACOTEPEC DE BENITO JUAREZ,2708,RURAL
TLACOTEPEC DE BENITO JUAREZ,2709,RURAL
TLACOTEPEC DE BENITO JUAREZ,2710,URBANO(A)
